"EmployeeID","CurrentRole","Python","Machine Learning","Java","SQL","JavaScript","Project Management","Communication","UI/UX Design"
"1","Product Manager","TRUE","TRUE","FALSE","TRUE","FALSE","FALSE","FALSE","TRUE"
"2","Software Engineer","FALSE","TRUE","TRUE","TRUE","FALSE","FALSE","FALSE","FALSE"
"3","Software Engineer","TRUE","TRUE","FALSE","TRUE","TRUE","FALSE","TRUE","TRUE"
"4","Product Manager","FALSE","TRUE","FALSE","TRUE","TRUE","TRUE","FALSE","FALSE"
"5","Software Engineer","FALSE","TRUE","FALSE","TRUE","TRUE","TRUE","FALSE","TRUE"
"6","Software Engineer","TRUE","FALSE","TRUE","TRUE","FALSE","TRUE","FALSE","FALSE"
"7","Software Engineer","FALSE","TRUE","TRUE","FALSE","TRUE","FALSE","TRUE","FALSE"
"8","Product Manager","TRUE","TRUE","FALSE","TRUE","TRUE","TRUE","TRUE","FALSE"
"9","Data Scientist","FALSE","FALSE","FALSE","FALSE","FALSE","TRUE","FALSE","TRUE"
"10","Software Engineer","TRUE","TRUE","FALSE","FALSE","FALSE","TRUE","FALSE","TRUE"
"11","Product Manager","TRUE","TRUE","TRUE","TRUE","TRUE","TRUE","FALSE","FALSE"
"12","Product Manager","TRUE","FALSE","FALSE","TRUE","TRUE","FALSE","FALSE","TRUE"
"13","UX Designer","TRUE","TRUE","FALSE","TRUE","TRUE","TRUE","FALSE","FALSE"
"14","Sales Representative","TRUE","FALSE","TRUE","FALSE","FALSE","TRUE","TRUE","TRUE"
"15","Sales Representative","FALSE","FALSE","TRUE","FALSE","TRUE","TRUE","TRUE","TRUE"
"16","Software Engineer","TRUE","FALSE","FALSE","FALSE","FALSE","TRUE","FALSE","TRUE"
"17","Software Engineer","FALSE","TRUE","TRUE","TRUE","TRUE","FALSE","TRUE","TRUE"
"18","UX Designer","FALSE","TRUE","FALSE","FALSE","FALSE","TRUE","TRUE","FALSE"
"19","Product Manager","FALSE","TRUE","FALSE","FALSE","TRUE","FALSE","FALSE","TRUE"
"20","Product Manager","FALSE","FALSE","FALSE","TRUE","TRUE","FALSE","TRUE","FALSE"
"21","UX Designer","FALSE","FALSE","FALSE","TRUE","TRUE","TRUE","TRUE","FALSE"
"22","Product Manager","FALSE","TRUE","FALSE","TRUE","FALSE","TRUE","FALSE","TRUE"
"23","UX Designer","TRUE","FALSE","FALSE","FALSE","FALSE","TRUE","TRUE","FALSE"
"24","UX Designer","TRUE","FALSE","TRUE","FALSE","FALSE","TRUE","FALSE","TRUE"
"25","Sales Representative","TRUE","TRUE","TRUE","TRUE","TRUE","TRUE","FALSE","FALSE"
"26","Product Manager","TRUE","TRUE","TRUE","FALSE","FALSE","FALSE","FALSE","TRUE"
"27","Data Scientist","FALSE","TRUE","TRUE","FALSE","TRUE","TRUE","TRUE","TRUE"
"28","UX Designer","FALSE","TRUE","FALSE","TRUE","FALSE","FALSE","FALSE","FALSE"
"29","UX Designer","FALSE","FALSE","FALSE","FALSE","FALSE","TRUE","FALSE","TRUE"
"30","Product Manager","FALSE","TRUE","TRUE","FALSE","FALSE","TRUE","TRUE","FALSE"
"31","Product Manager","FALSE","FALSE","FALSE","TRUE","FALSE","FALSE","TRUE","TRUE"
"32","Sales Representative","FALSE","FALSE","TRUE","FALSE","TRUE","FALSE","FALSE","FALSE"
"33","UX Designer","FALSE","FALSE","FALSE","FALSE","TRUE","FALSE","TRUE","FALSE"
"34","UX Designer","FALSE","FALSE","FALSE","TRUE","TRUE","TRUE","TRUE","FALSE"
"35","Product Manager","FALSE","FALSE","FALSE","TRUE","TRUE","FALSE","FALSE","FALSE"
"36","Sales Representative","TRUE","TRUE","FALSE","TRUE","FALSE","TRUE","TRUE","FALSE"
"37","Data Scientist","FALSE","FALSE","TRUE","TRUE","TRUE","FALSE","TRUE","FALSE"
"38","UX Designer","FALSE","TRUE","TRUE","TRUE","TRUE","FALSE","TRUE","FALSE"
"39","Software Engineer","FALSE","TRUE","FALSE","TRUE","TRUE","TRUE","FALSE","FALSE"
"40","Data Scientist","FALSE","FALSE","TRUE","FALSE","FALSE","TRUE","FALSE","TRUE"
"41","Software Engineer","FALSE","FALSE","TRUE","TRUE","FALSE","FALSE","TRUE","TRUE"
"42","Software Engineer","FALSE","TRUE","FALSE","TRUE","TRUE","FALSE","TRUE","FALSE"
"43","Software Engineer","FALSE","TRUE","FALSE","FALSE","FALSE","FALSE","FALSE","TRUE"
"44","UX Designer","FALSE","TRUE","TRUE","FALSE","TRUE","TRUE","TRUE","TRUE"
"45","Sales Representative","FALSE","TRUE","TRUE","FALSE","FALSE","TRUE","TRUE","TRUE"
"46","Data Scientist","FALSE","FALSE","FALSE","FALSE","TRUE","FALSE","FALSE","TRUE"
"47","Software Engineer","FALSE","FALSE","TRUE","TRUE","TRUE","FALSE","FALSE","FALSE"
"48","UX Designer","FALSE","TRUE","FALSE","FALSE","FALSE","FALSE","FALSE","TRUE"
"49","Product Manager","FALSE","TRUE","TRUE","FALSE","TRUE","TRUE","TRUE","TRUE"
"50","Data Scientist","TRUE","FALSE","FALSE","FALSE","FALSE","TRUE","FALSE","TRUE"
"51","Product Manager","FALSE","FALSE","TRUE","TRUE","TRUE","TRUE","FALSE","FALSE"
"52","Product Manager","FALSE","TRUE","FALSE","TRUE","FALSE","FALSE","FALSE","FALSE"
"53","UX Designer","TRUE","TRUE","TRUE","FALSE","TRUE","TRUE","FALSE","TRUE"
"54","Sales Representative","FALSE","TRUE","TRUE","FALSE","TRUE","FALSE","TRUE","FALSE"
"55","Data Scientist","TRUE","FALSE","FALSE","FALSE","FALSE","FALSE","FALSE","TRUE"
"56","Data Scientist","FALSE","FALSE","FALSE","TRUE","TRUE","TRUE","FALSE","FALSE"
"57","Product Manager","TRUE","TRUE","FALSE","TRUE","TRUE","TRUE","FALSE","FALSE"
"58","Sales Representative","TRUE","FALSE","FALSE","TRUE","FALSE","TRUE","FALSE","TRUE"
"59","Sales Representative","FALSE","TRUE","FALSE","TRUE","FALSE","TRUE","FALSE","FALSE"
"60","UX Designer","FALSE","TRUE","FALSE","TRUE","TRUE","TRUE","TRUE","TRUE"
"61","UX Designer","FALSE","FALSE","FALSE","TRUE","TRUE","TRUE","FALSE","FALSE"
"62","Software Engineer","TRUE","FALSE","FALSE","FALSE","FALSE","FALSE","TRUE","FALSE"
"63","UX Designer","FALSE","FALSE","TRUE","TRUE","TRUE","FALSE","FALSE","FALSE"
"64","Sales Representative","TRUE","TRUE","TRUE","FALSE","FALSE","TRUE","TRUE","TRUE"
"65","UX Designer","FALSE","TRUE","FALSE","TRUE","TRUE","TRUE","FALSE","TRUE"
"66","Product Manager","TRUE","TRUE","TRUE","TRUE","FALSE","TRUE","FALSE","TRUE"
"67","Product Manager","TRUE","FALSE","TRUE","TRUE","TRUE","FALSE","FALSE","FALSE"
"68","Product Manager","TRUE","TRUE","TRUE","TRUE","TRUE","FALSE","FALSE","TRUE"
"69","Data Scientist","FALSE","TRUE","FALSE","TRUE","TRUE","TRUE","FALSE","TRUE"
"70","Software Engineer","TRUE","FALSE","FALSE","TRUE","TRUE","FALSE","TRUE","FALSE"
"71","Data Scientist","FALSE","FALSE","FALSE","FALSE","TRUE","FALSE","TRUE","FALSE"
"72","Sales Representative","TRUE","FALSE","FALSE","TRUE","FALSE","TRUE","FALSE","TRUE"
"73","Product Manager","TRUE","TRUE","TRUE","FALSE","FALSE","TRUE","TRUE","FALSE"
"74","Data Scientist","FALSE","TRUE","TRUE","FALSE","FALSE","TRUE","FALSE","FALSE"
"75","Data Scientist","FALSE","TRUE","FALSE","TRUE","FALSE","TRUE","FALSE","TRUE"
"76","Data Scientist","FALSE","TRUE","TRUE","TRUE","FALSE","TRUE","FALSE","TRUE"
"77","Product Manager","TRUE","TRUE","TRUE","FALSE","TRUE","TRUE","FALSE","FALSE"
"78","Product Manager","TRUE","FALSE","FALSE","FALSE","TRUE","TRUE","TRUE","TRUE"
"79","Product Manager","FALSE","TRUE","FALSE","TRUE","TRUE","TRUE","TRUE","TRUE"
"80","Software Engineer","FALSE","FALSE","TRUE","FALSE","TRUE","FALSE","TRUE","TRUE"
"81","Software Engineer","FALSE","FALSE","FALSE","FALSE","FALSE","TRUE","TRUE","FALSE"
"82","Sales Representative","TRUE","TRUE","FALSE","TRUE","FALSE","TRUE","FALSE","FALSE"
"83","Software Engineer","TRUE","TRUE","TRUE","FALSE","TRUE","TRUE","TRUE","FALSE"
"84","UX Designer","FALSE","TRUE","FALSE","FALSE","TRUE","TRUE","FALSE","FALSE"
"85","Data Scientist","TRUE","TRUE","FALSE","TRUE","TRUE","TRUE","TRUE","FALSE"
"86","UX Designer","FALSE","TRUE","TRUE","TRUE","TRUE","TRUE","TRUE","FALSE"
"87","Sales Representative","TRUE","TRUE","FALSE","TRUE","FALSE","FALSE","FALSE","TRUE"
"88","UX Designer","TRUE","TRUE","FALSE","TRUE","TRUE","TRUE","TRUE","FALSE"
"89","UX Designer","TRUE","TRUE","FALSE","FALSE","TRUE","FALSE","TRUE","TRUE"
"90","Sales Representative","FALSE","FALSE","TRUE","FALSE","FALSE","TRUE","TRUE","FALSE"
"91","Sales Representative","TRUE","FALSE","TRUE","FALSE","FALSE","FALSE","FALSE","TRUE"
"92","Software Engineer","FALSE","FALSE","FALSE","FALSE","TRUE","TRUE","TRUE","TRUE"
"93","Product Manager","FALSE","FALSE","TRUE","TRUE","FALSE","FALSE","FALSE","FALSE"
"94","Sales Representative","FALSE","TRUE","TRUE","FALSE","TRUE","FALSE","FALSE","TRUE"
"95","Software Engineer","FALSE","TRUE","FALSE","FALSE","TRUE","FALSE","FALSE","FALSE"
"96","Sales Representative","TRUE","TRUE","TRUE","TRUE","TRUE","FALSE","FALSE","FALSE"
"97","Product Manager","FALSE","TRUE","FALSE","TRUE","TRUE","TRUE","FALSE","TRUE"
"98","UX Designer","TRUE","TRUE","FALSE","FALSE","FALSE","TRUE","TRUE","TRUE"
"99","Product Manager","TRUE","FALSE","TRUE","TRUE","TRUE","FALSE","TRUE","FALSE"
"100","Product Manager","TRUE","FALSE","FALSE","TRUE","FALSE","FALSE","FALSE","FALSE"
"101","Product Manager","FALSE","TRUE","TRUE","TRUE","FALSE","TRUE","FALSE","TRUE"
"102","Data Scientist","TRUE","FALSE","FALSE","TRUE","TRUE","TRUE","TRUE","FALSE"
"103","Product Manager","TRUE","FALSE","TRUE","TRUE","TRUE","TRUE","FALSE","TRUE"
"104","UX Designer","TRUE","FALSE","TRUE","TRUE","FALSE","TRUE","FALSE","FALSE"
"105","UX Designer","TRUE","TRUE","TRUE","FALSE","TRUE","FALSE","TRUE","TRUE"
"106","Product Manager","FALSE","FALSE","FALSE","TRUE","TRUE","FALSE","FALSE","FALSE"
"107","UX Designer","FALSE","FALSE","TRUE","TRUE","TRUE","TRUE","TRUE","TRUE"
"108","Data Scientist","TRUE","TRUE","FALSE","FALSE","FALSE","TRUE","FALSE","FALSE"
"109","Data Scientist","TRUE","TRUE","TRUE","FALSE","FALSE","FALSE","FALSE","FALSE"
"110","Data Scientist","FALSE","TRUE","FALSE","FALSE","FALSE","FALSE","TRUE","FALSE"
"111","Product Manager","FALSE","TRUE","TRUE","FALSE","FALSE","FALSE","FALSE","TRUE"
"112","UX Designer","FALSE","TRUE","FALSE","FALSE","TRUE","TRUE","TRUE","FALSE"
"113","Software Engineer","FALSE","TRUE","FALSE","FALSE","FALSE","TRUE","FALSE","FALSE"
"114","Sales Representative","FALSE","TRUE","TRUE","TRUE","TRUE","FALSE","FALSE","FALSE"
"115","Software Engineer","FALSE","TRUE","FALSE","TRUE","TRUE","TRUE","TRUE","FALSE"
"116","Sales Representative","FALSE","FALSE","TRUE","TRUE","FALSE","FALSE","TRUE","TRUE"
"117","Product Manager","TRUE","FALSE","FALSE","FALSE","TRUE","FALSE","FALSE","TRUE"
"118","Sales Representative","TRUE","TRUE","FALSE","TRUE","FALSE","TRUE","TRUE","FALSE"
"119","Product Manager","TRUE","TRUE","FALSE","TRUE","TRUE","TRUE","TRUE","FALSE"
"120","Software Engineer","FALSE","FALSE","TRUE","TRUE","TRUE","FALSE","FALSE","FALSE"
"121","Data Scientist","FALSE","TRUE","FALSE","TRUE","TRUE","TRUE","TRUE","TRUE"
"122","Product Manager","TRUE","FALSE","FALSE","TRUE","FALSE","TRUE","TRUE","FALSE"
"123","UX Designer","TRUE","FALSE","TRUE","TRUE","TRUE","TRUE","TRUE","FALSE"
"124","Software Engineer","TRUE","FALSE","FALSE","FALSE","FALSE","FALSE","TRUE","FALSE"
"125","Sales Representative","FALSE","TRUE","FALSE","FALSE","FALSE","TRUE","TRUE","TRUE"
"126","Sales Representative","FALSE","TRUE","TRUE","FALSE","FALSE","FALSE","FALSE","TRUE"
"127","Sales Representative","TRUE","TRUE","FALSE","TRUE","TRUE","TRUE","FALSE","TRUE"
"128","Product Manager","FALSE","TRUE","FALSE","FALSE","TRUE","FALSE","FALSE","TRUE"
"129","Data Scientist","TRUE","TRUE","TRUE","TRUE","FALSE","TRUE","FALSE","FALSE"
"130","Sales Representative","FALSE","FALSE","TRUE","TRUE","TRUE","TRUE","TRUE","TRUE"
"131","Sales Representative","TRUE","TRUE","FALSE","FALSE","FALSE","FALSE","FALSE","FALSE"
"132","UX Designer","TRUE","FALSE","FALSE","TRUE","TRUE","TRUE","FALSE","FALSE"
"133","UX Designer","TRUE","FALSE","FALSE","TRUE","FALSE","FALSE","FALSE","TRUE"
"134","Software Engineer","FALSE","TRUE","TRUE","TRUE","TRUE","TRUE","FALSE","FALSE"
"135","Software Engineer","TRUE","FALSE","TRUE","TRUE","TRUE","FALSE","TRUE","TRUE"
"136","Product Manager","TRUE","TRUE","TRUE","TRUE","FALSE","FALSE","TRUE","TRUE"
"137","Software Engineer","FALSE","FALSE","FALSE","TRUE","TRUE","TRUE","TRUE","FALSE"
"138","Data Scientist","FALSE","FALSE","TRUE","TRUE","TRUE","TRUE","TRUE","TRUE"
"139","Sales Representative","TRUE","FALSE","FALSE","FALSE","FALSE","FALSE","TRUE","TRUE"
"140","Product Manager","FALSE","TRUE","TRUE","FALSE","TRUE","TRUE","FALSE","TRUE"
"141","UX Designer","FALSE","FALSE","TRUE","TRUE","FALSE","FALSE","TRUE","FALSE"
"142","UX Designer","FALSE","TRUE","FALSE","FALSE","FALSE","FALSE","FALSE","TRUE"
"143","UX Designer","TRUE","FALSE","TRUE","TRUE","FALSE","FALSE","FALSE","FALSE"
"144","UX Designer","FALSE","FALSE","TRUE","FALSE","FALSE","FALSE","TRUE","TRUE"
"145","Sales Representative","TRUE","FALSE","FALSE","FALSE","FALSE","TRUE","FALSE","FALSE"
"146","UX Designer","FALSE","TRUE","TRUE","FALSE","FALSE","FALSE","FALSE","FALSE"
"147","UX Designer","TRUE","FALSE","TRUE","FALSE","FALSE","FALSE","TRUE","FALSE"
"148","Software Engineer","TRUE","FALSE","TRUE","TRUE","TRUE","TRUE","FALSE","FALSE"
"149","Sales Representative","TRUE","FALSE","TRUE","TRUE","TRUE","FALSE","FALSE","TRUE"
"150","Data Scientist","TRUE","FALSE","TRUE","FALSE","TRUE","TRUE","TRUE","FALSE"
"151","Data Scientist","FALSE","TRUE","TRUE","FALSE","FALSE","FALSE","FALSE","TRUE"
"152","UX Designer","FALSE","FALSE","TRUE","TRUE","TRUE","TRUE","TRUE","TRUE"
"153","Sales Representative","FALSE","TRUE","TRUE","TRUE","TRUE","TRUE","FALSE","TRUE"
"154","Sales Representative","TRUE","TRUE","FALSE","FALSE","FALSE","TRUE","TRUE","TRUE"
"155","UX Designer","FALSE","TRUE","TRUE","TRUE","FALSE","FALSE","FALSE","FALSE"
"156","Sales Representative","TRUE","TRUE","FALSE","FALSE","TRUE","FALSE","TRUE","TRUE"
"157","Product Manager","TRUE","FALSE","TRUE","FALSE","TRUE","FALSE","FALSE","TRUE"
"158","Software Engineer","TRUE","FALSE","TRUE","FALSE","TRUE","FALSE","TRUE","FALSE"
"159","Product Manager","TRUE","FALSE","TRUE","TRUE","TRUE","FALSE","FALSE","TRUE"
"160","Software Engineer","FALSE","TRUE","FALSE","TRUE","FALSE","TRUE","TRUE","FALSE"
"161","Product Manager","FALSE","FALSE","TRUE","FALSE","TRUE","TRUE","FALSE","TRUE"
"162","Data Scientist","TRUE","TRUE","FALSE","FALSE","FALSE","FALSE","TRUE","TRUE"
"163","UX Designer","FALSE","TRUE","FALSE","FALSE","TRUE","FALSE","TRUE","TRUE"
"164","Sales Representative","FALSE","TRUE","TRUE","TRUE","TRUE","TRUE","TRUE","FALSE"
"165","Software Engineer","FALSE","TRUE","TRUE","FALSE","TRUE","TRUE","FALSE","FALSE"
"166","UX Designer","FALSE","FALSE","FALSE","FALSE","FALSE","FALSE","TRUE","TRUE"
"167","UX Designer","TRUE","TRUE","FALSE","FALSE","FALSE","TRUE","TRUE","TRUE"
"168","Sales Representative","FALSE","FALSE","TRUE","FALSE","FALSE","FALSE","TRUE","TRUE"
"169","UX Designer","FALSE","FALSE","FALSE","FALSE","FALSE","TRUE","TRUE","FALSE"
"170","UX Designer","TRUE","TRUE","TRUE","FALSE","FALSE","TRUE","FALSE","FALSE"
"171","Sales Representative","TRUE","FALSE","FALSE","FALSE","FALSE","FALSE","TRUE","FALSE"
"172","UX Designer","TRUE","TRUE","FALSE","FALSE","TRUE","FALSE","FALSE","TRUE"
"173","UX Designer","TRUE","FALSE","TRUE","FALSE","FALSE","FALSE","TRUE","FALSE"
"174","Sales Representative","FALSE","FALSE","TRUE","TRUE","TRUE","FALSE","FALSE","TRUE"
"175","Sales Representative","FALSE","FALSE","TRUE","TRUE","TRUE","FALSE","TRUE","FALSE"
"176","Sales Representative","FALSE","FALSE","TRUE","FALSE","FALSE","FALSE","FALSE","TRUE"
"177","Software Engineer","FALSE","TRUE","TRUE","FALSE","TRUE","TRUE","TRUE","TRUE"
"178","UX Designer","FALSE","TRUE","FALSE","FALSE","TRUE","FALSE","FALSE","FALSE"
"179","UX Designer","TRUE","TRUE","FALSE","FALSE","FALSE","FALSE","TRUE","FALSE"
"180","Product Manager","FALSE","TRUE","TRUE","FALSE","FALSE","FALSE","FALSE","FALSE"
"181","Data Scientist","TRUE","TRUE","TRUE","TRUE","TRUE","FALSE","TRUE","FALSE"
"182","Software Engineer","FALSE","TRUE","TRUE","TRUE","TRUE","FALSE","TRUE","TRUE"
"183","Software Engineer","TRUE","FALSE","FALSE","TRUE","TRUE","FALSE","TRUE","FALSE"
"184","Software Engineer","TRUE","FALSE","TRUE","FALSE","TRUE","TRUE","TRUE","FALSE"
"185","Product Manager","FALSE","TRUE","FALSE","FALSE","TRUE","TRUE","FALSE","FALSE"
"186","Sales Representative","FALSE","TRUE","FALSE","FALSE","TRUE","TRUE","FALSE","FALSE"
"187","Data Scientist","TRUE","TRUE","FALSE","FALSE","FALSE","TRUE","FALSE","FALSE"
"188","Software Engineer","TRUE","FALSE","TRUE","FALSE","TRUE","FALSE","FALSE","FALSE"
"189","UX Designer","TRUE","TRUE","TRUE","TRUE","FALSE","FALSE","TRUE","TRUE"
"190","Product Manager","TRUE","TRUE","TRUE","TRUE","TRUE","TRUE","FALSE","FALSE"
"191","UX Designer","FALSE","FALSE","FALSE","TRUE","TRUE","FALSE","TRUE","FALSE"
"192","UX Designer","FALSE","FALSE","TRUE","TRUE","TRUE","TRUE","FALSE","FALSE"
"193","Data Scientist","TRUE","FALSE","TRUE","FALSE","TRUE","FALSE","FALSE","FALSE"
"194","Product Manager","FALSE","TRUE","TRUE","TRUE","FALSE","FALSE","TRUE","FALSE"
"195","Software Engineer","FALSE","FALSE","FALSE","TRUE","TRUE","TRUE","TRUE","TRUE"
"196","UX Designer","FALSE","FALSE","TRUE","TRUE","FALSE","FALSE","FALSE","TRUE"
"197","Sales Representative","TRUE","FALSE","FALSE","FALSE","FALSE","TRUE","TRUE","FALSE"
"198","Data Scientist","TRUE","FALSE","TRUE","FALSE","TRUE","FALSE","FALSE","TRUE"
"199","Product Manager","TRUE","TRUE","FALSE","FALSE","FALSE","TRUE","FALSE","FALSE"
"200","Sales Representative","TRUE","FALSE","TRUE","TRUE","TRUE","TRUE","FALSE","FALSE"
"201","Data Scientist","TRUE","TRUE","TRUE","TRUE","TRUE","TRUE","FALSE","FALSE"
"202","UX Designer","FALSE","TRUE","TRUE","FALSE","FALSE","TRUE","TRUE","TRUE"
"203","Sales Representative","FALSE","TRUE","TRUE","TRUE","FALSE","FALSE","FALSE","TRUE"
"204","UX Designer","FALSE","TRUE","TRUE","TRUE","TRUE","TRUE","TRUE","FALSE"
"205","Product Manager","TRUE","FALSE","TRUE","FALSE","FALSE","TRUE","TRUE","TRUE"
"206","Product Manager","TRUE","FALSE","FALSE","FALSE","TRUE","TRUE","TRUE","FALSE"
"207","UX Designer","FALSE","TRUE","FALSE","TRUE","TRUE","TRUE","FALSE","FALSE"
"208","Software Engineer","FALSE","TRUE","TRUE","TRUE","FALSE","TRUE","FALSE","TRUE"
"209","UX Designer","TRUE","TRUE","FALSE","TRUE","FALSE","FALSE","FALSE","TRUE"
"210","Sales Representative","TRUE","FALSE","TRUE","TRUE","TRUE","FALSE","TRUE","TRUE"
"211","UX Designer","FALSE","TRUE","TRUE","TRUE","FALSE","TRUE","FALSE","FALSE"
"212","UX Designer","FALSE","TRUE","FALSE","FALSE","FALSE","TRUE","TRUE","FALSE"
"213","UX Designer","TRUE","TRUE","TRUE","TRUE","FALSE","TRUE","TRUE","FALSE"
"214","Product Manager","FALSE","TRUE","TRUE","FALSE","FALSE","FALSE","TRUE","FALSE"
"215","UX Designer","TRUE","TRUE","TRUE","TRUE","TRUE","TRUE","FALSE","FALSE"
"216","Sales Representative","TRUE","TRUE","FALSE","FALSE","TRUE","FALSE","FALSE","FALSE"
"217","Software Engineer","TRUE","FALSE","FALSE","FALSE","TRUE","TRUE","FALSE","TRUE"
"218","Product Manager","TRUE","FALSE","TRUE","TRUE","TRUE","FALSE","TRUE","TRUE"
"219","Sales Representative","FALSE","FALSE","FALSE","TRUE","FALSE","TRUE","FALSE","FALSE"
"220","UX Designer","TRUE","FALSE","TRUE","TRUE","TRUE","FALSE","TRUE","FALSE"
"221","Software Engineer","FALSE","FALSE","TRUE","TRUE","FALSE","FALSE","FALSE","FALSE"
"222","UX Designer","FALSE","FALSE","FALSE","FALSE","TRUE","TRUE","FALSE","FALSE"
"223","Software Engineer","TRUE","FALSE","FALSE","FALSE","FALSE","TRUE","FALSE","FALSE"
"224","Software Engineer","FALSE","TRUE","TRUE","TRUE","TRUE","FALSE","TRUE","FALSE"
"225","Product Manager","FALSE","FALSE","TRUE","TRUE","FALSE","TRUE","FALSE","FALSE"
"226","Product Manager","TRUE","TRUE","FALSE","TRUE","FALSE","TRUE","FALSE","TRUE"
"227","Software Engineer","TRUE","FALSE","TRUE","FALSE","TRUE","TRUE","FALSE","FALSE"
"228","Software Engineer","TRUE","FALSE","FALSE","TRUE","FALSE","TRUE","TRUE","TRUE"
"229","Sales Representative","TRUE","FALSE","TRUE","FALSE","FALSE","TRUE","FALSE","TRUE"
"230","Product Manager","FALSE","TRUE","FALSE","TRUE","TRUE","FALSE","FALSE","FALSE"
"231","Software Engineer","TRUE","FALSE","FALSE","TRUE","TRUE","TRUE","TRUE","TRUE"
"232","Product Manager","FALSE","FALSE","TRUE","FALSE","FALSE","TRUE","FALSE","FALSE"
"233","Product Manager","TRUE","TRUE","TRUE","FALSE","TRUE","TRUE","FALSE","TRUE"
"234","Software Engineer","TRUE","TRUE","FALSE","FALSE","TRUE","FALSE","FALSE","FALSE"
"235","Sales Representative","FALSE","TRUE","FALSE","TRUE","FALSE","TRUE","FALSE","TRUE"
"236","Product Manager","FALSE","FALSE","TRUE","FALSE","FALSE","FALSE","FALSE","TRUE"
"237","Data Scientist","FALSE","FALSE","TRUE","TRUE","TRUE","TRUE","TRUE","FALSE"
"238","Sales Representative","TRUE","TRUE","FALSE","FALSE","TRUE","FALSE","FALSE","FALSE"
"239","Product Manager","TRUE","FALSE","FALSE","FALSE","TRUE","FALSE","TRUE","TRUE"
"240","Sales Representative","TRUE","TRUE","FALSE","TRUE","TRUE","TRUE","FALSE","TRUE"
"241","Software Engineer","FALSE","FALSE","TRUE","FALSE","TRUE","FALSE","TRUE","FALSE"
"242","Data Scientist","TRUE","FALSE","FALSE","FALSE","TRUE","FALSE","FALSE","TRUE"
"243","Product Manager","FALSE","FALSE","TRUE","TRUE","FALSE","TRUE","FALSE","TRUE"
"244","Sales Representative","FALSE","FALSE","TRUE","FALSE","TRUE","TRUE","TRUE","FALSE"
"245","Data Scientist","TRUE","FALSE","FALSE","FALSE","FALSE","FALSE","TRUE","TRUE"
"246","Data Scientist","TRUE","FALSE","TRUE","FALSE","FALSE","TRUE","FALSE","FALSE"
"247","Product Manager","TRUE","TRUE","TRUE","TRUE","FALSE","FALSE","FALSE","TRUE"
"248","Product Manager","TRUE","FALSE","TRUE","TRUE","TRUE","FALSE","TRUE","TRUE"
"249","Software Engineer","FALSE","TRUE","FALSE","TRUE","TRUE","FALSE","FALSE","FALSE"
"250","Sales Representative","TRUE","FALSE","TRUE","TRUE","TRUE","TRUE","FALSE","FALSE"
"251","Data Scientist","FALSE","TRUE","TRUE","FALSE","TRUE","TRUE","FALSE","FALSE"
"252","Data Scientist","TRUE","TRUE","TRUE","FALSE","FALSE","FALSE","TRUE","TRUE"
"253","Product Manager","FALSE","FALSE","FALSE","FALSE","FALSE","TRUE","FALSE","TRUE"
"254","UX Designer","TRUE","TRUE","TRUE","FALSE","FALSE","TRUE","FALSE","FALSE"
"255","Sales Representative","FALSE","TRUE","TRUE","TRUE","TRUE","FALSE","TRUE","TRUE"
"256","Software Engineer","TRUE","TRUE","TRUE","FALSE","FALSE","TRUE","FALSE","TRUE"
"257","Software Engineer","TRUE","TRUE","FALSE","FALSE","TRUE","TRUE","TRUE","TRUE"
"258","Data Scientist","TRUE","TRUE","FALSE","FALSE","FALSE","FALSE","TRUE","FALSE"
"259","Data Scientist","TRUE","FALSE","FALSE","TRUE","FALSE","FALSE","TRUE","TRUE"
"260","Product Manager","FALSE","TRUE","TRUE","TRUE","FALSE","TRUE","TRUE","TRUE"
"261","Product Manager","FALSE","TRUE","FALSE","FALSE","FALSE","TRUE","FALSE","FALSE"
"262","Software Engineer","TRUE","FALSE","FALSE","FALSE","FALSE","TRUE","FALSE","FALSE"
"263","Software Engineer","FALSE","TRUE","TRUE","TRUE","FALSE","FALSE","FALSE","FALSE"
"264","Sales Representative","FALSE","TRUE","TRUE","FALSE","FALSE","FALSE","FALSE","TRUE"
"265","Data Scientist","TRUE","TRUE","FALSE","FALSE","TRUE","TRUE","TRUE","FALSE"
"266","Product Manager","FALSE","FALSE","TRUE","TRUE","TRUE","TRUE","TRUE","TRUE"
"267","Product Manager","TRUE","FALSE","TRUE","TRUE","TRUE","TRUE","FALSE","TRUE"
"268","Sales Representative","TRUE","TRUE","TRUE","FALSE","FALSE","FALSE","FALSE","FALSE"
"269","Product Manager","FALSE","FALSE","FALSE","TRUE","FALSE","FALSE","FALSE","TRUE"
"270","Data Scientist","TRUE","TRUE","TRUE","TRUE","FALSE","TRUE","FALSE","TRUE"
"271","Data Scientist","FALSE","TRUE","FALSE","TRUE","TRUE","FALSE","FALSE","TRUE"
"272","Sales Representative","TRUE","TRUE","FALSE","TRUE","TRUE","FALSE","TRUE","TRUE"
"273","Data Scientist","TRUE","FALSE","FALSE","FALSE","TRUE","FALSE","TRUE","TRUE"
"274","Software Engineer","TRUE","TRUE","FALSE","TRUE","TRUE","FALSE","TRUE","TRUE"
"275","Sales Representative","FALSE","FALSE","FALSE","FALSE","FALSE","TRUE","FALSE","TRUE"
"276","Sales Representative","FALSE","FALSE","FALSE","FALSE","TRUE","FALSE","TRUE","FALSE"
"277","UX Designer","FALSE","FALSE","FALSE","FALSE","FALSE","TRUE","FALSE","TRUE"
"278","Software Engineer","TRUE","FALSE","FALSE","FALSE","FALSE","TRUE","TRUE","FALSE"
"279","Product Manager","FALSE","FALSE","FALSE","TRUE","FALSE","TRUE","FALSE","FALSE"
"280","Software Engineer","FALSE","TRUE","TRUE","TRUE","TRUE","TRUE","FALSE","TRUE"
"281","Sales Representative","TRUE","TRUE","TRUE","TRUE","FALSE","TRUE","FALSE","TRUE"
"282","Product Manager","TRUE","TRUE","FALSE","FALSE","FALSE","FALSE","TRUE","FALSE"
"283","UX Designer","FALSE","TRUE","FALSE","FALSE","FALSE","TRUE","TRUE","TRUE"
"284","Sales Representative","FALSE","TRUE","FALSE","TRUE","FALSE","FALSE","FALSE","FALSE"
"285","Product Manager","FALSE","FALSE","FALSE","FALSE","TRUE","TRUE","FALSE","FALSE"
"286","Data Scientist","FALSE","TRUE","FALSE","FALSE","TRUE","TRUE","FALSE","FALSE"
"287","Data Scientist","FALSE","TRUE","FALSE","TRUE","TRUE","FALSE","TRUE","FALSE"
"288","Software Engineer","TRUE","FALSE","TRUE","TRUE","TRUE","FALSE","TRUE","TRUE"
"289","UX Designer","TRUE","FALSE","TRUE","TRUE","FALSE","FALSE","FALSE","TRUE"
"290","Sales Representative","TRUE","FALSE","TRUE","FALSE","FALSE","FALSE","TRUE","FALSE"
"291","Software Engineer","FALSE","FALSE","FALSE","TRUE","TRUE","TRUE","FALSE","FALSE"
"292","Software Engineer","FALSE","TRUE","FALSE","TRUE","FALSE","TRUE","FALSE","FALSE"
"293","UX Designer","TRUE","TRUE","TRUE","FALSE","FALSE","FALSE","TRUE","TRUE"
"294","UX Designer","TRUE","FALSE","FALSE","FALSE","FALSE","FALSE","FALSE","TRUE"
"295","Sales Representative","FALSE","FALSE","FALSE","TRUE","TRUE","TRUE","TRUE","FALSE"
"296","Data Scientist","FALSE","TRUE","FALSE","FALSE","TRUE","FALSE","FALSE","FALSE"
"297","UX Designer","FALSE","TRUE","TRUE","TRUE","FALSE","TRUE","FALSE","TRUE"
"298","Software Engineer","TRUE","TRUE","TRUE","FALSE","FALSE","TRUE","FALSE","TRUE"
"299","Software Engineer","TRUE","TRUE","FALSE","TRUE","FALSE","FALSE","FALSE","FALSE"
"300","Sales Representative","FALSE","TRUE","TRUE","FALSE","FALSE","FALSE","FALSE","TRUE"
"301","Sales Representative","FALSE","FALSE","TRUE","TRUE","FALSE","TRUE","TRUE","FALSE"
"302","Software Engineer","TRUE","TRUE","TRUE","FALSE","TRUE","TRUE","FALSE","FALSE"
"303","Data Scientist","FALSE","FALSE","FALSE","TRUE","TRUE","FALSE","FALSE","FALSE"
"304","UX Designer","TRUE","FALSE","TRUE","FALSE","FALSE","FALSE","FALSE","FALSE"
"305","Product Manager","FALSE","TRUE","TRUE","FALSE","TRUE","TRUE","FALSE","FALSE"
"306","Data Scientist","FALSE","FALSE","TRUE","TRUE","FALSE","TRUE","FALSE","FALSE"
"307","Data Scientist","FALSE","FALSE","FALSE","TRUE","FALSE","TRUE","FALSE","FALSE"
"308","Sales Representative","FALSE","FALSE","TRUE","FALSE","FALSE","FALSE","TRUE","FALSE"
"309","Product Manager","FALSE","TRUE","FALSE","FALSE","FALSE","FALSE","FALSE","TRUE"
"310","Data Scientist","TRUE","FALSE","FALSE","TRUE","FALSE","FALSE","FALSE","FALSE"
"311","Data Scientist","FALSE","TRUE","FALSE","TRUE","FALSE","FALSE","TRUE","FALSE"
"312","Data Scientist","FALSE","FALSE","TRUE","FALSE","FALSE","FALSE","FALSE","TRUE"
"313","UX Designer","FALSE","TRUE","FALSE","FALSE","FALSE","FALSE","TRUE","TRUE"
"314","Data Scientist","FALSE","TRUE","TRUE","TRUE","TRUE","TRUE","TRUE","FALSE"
"315","UX Designer","FALSE","TRUE","TRUE","TRUE","TRUE","FALSE","TRUE","FALSE"
"316","Data Scientist","FALSE","FALSE","FALSE","FALSE","TRUE","TRUE","FALSE","TRUE"
"317","Product Manager","TRUE","TRUE","TRUE","FALSE","TRUE","TRUE","FALSE","TRUE"
"318","Sales Representative","FALSE","FALSE","FALSE","FALSE","TRUE","FALSE","TRUE","FALSE"
"319","Software Engineer","TRUE","TRUE","TRUE","TRUE","FALSE","FALSE","TRUE","TRUE"
"320","Software Engineer","FALSE","TRUE","TRUE","FALSE","FALSE","TRUE","TRUE","FALSE"
"321","Software Engineer","TRUE","TRUE","TRUE","FALSE","FALSE","TRUE","TRUE","TRUE"
"322","Sales Representative","TRUE","FALSE","FALSE","FALSE","FALSE","TRUE","FALSE","TRUE"
"323","Product Manager","TRUE","FALSE","FALSE","FALSE","TRUE","TRUE","TRUE","TRUE"
"324","UX Designer","TRUE","TRUE","TRUE","TRUE","TRUE","FALSE","FALSE","FALSE"
"325","UX Designer","TRUE","FALSE","TRUE","TRUE","FALSE","FALSE","FALSE","FALSE"
"326","Product Manager","TRUE","FALSE","TRUE","TRUE","TRUE","TRUE","FALSE","TRUE"
"327","Product Manager","FALSE","TRUE","TRUE","TRUE","FALSE","TRUE","TRUE","FALSE"
"328","Product Manager","FALSE","FALSE","FALSE","FALSE","FALSE","TRUE","FALSE","TRUE"
"329","Sales Representative","TRUE","TRUE","TRUE","FALSE","FALSE","TRUE","TRUE","TRUE"
"330","Data Scientist","TRUE","FALSE","TRUE","FALSE","FALSE","FALSE","TRUE","FALSE"
"331","Sales Representative","FALSE","TRUE","TRUE","FALSE","FALSE","FALSE","FALSE","FALSE"
"332","Software Engineer","TRUE","TRUE","FALSE","TRUE","FALSE","FALSE","FALSE","TRUE"
"333","Sales Representative","TRUE","FALSE","TRUE","FALSE","TRUE","TRUE","FALSE","FALSE"
"334","Product Manager","FALSE","TRUE","FALSE","FALSE","FALSE","FALSE","FALSE","TRUE"
"335","Product Manager","TRUE","FALSE","FALSE","TRUE","TRUE","FALSE","FALSE","FALSE"
"336","Software Engineer","FALSE","TRUE","TRUE","FALSE","FALSE","FALSE","FALSE","TRUE"
"337","Product Manager","TRUE","TRUE","FALSE","TRUE","TRUE","TRUE","TRUE","FALSE"
"338","Product Manager","FALSE","FALSE","FALSE","FALSE","TRUE","FALSE","FALSE","TRUE"
"339","Data Scientist","TRUE","FALSE","TRUE","FALSE","TRUE","TRUE","TRUE","TRUE"
"340","Software Engineer","FALSE","FALSE","FALSE","FALSE","TRUE","TRUE","FALSE","FALSE"
"341","Data Scientist","FALSE","FALSE","TRUE","FALSE","TRUE","TRUE","TRUE","FALSE"
"342","Data Scientist","FALSE","TRUE","FALSE","FALSE","TRUE","TRUE","TRUE","FALSE"
"343","Product Manager","TRUE","FALSE","FALSE","TRUE","FALSE","FALSE","TRUE","FALSE"
"344","Product Manager","TRUE","FALSE","FALSE","TRUE","FALSE","TRUE","TRUE","TRUE"
"345","Product Manager","TRUE","TRUE","TRUE","FALSE","TRUE","FALSE","TRUE","TRUE"
"346","UX Designer","TRUE","TRUE","TRUE","TRUE","FALSE","FALSE","FALSE","TRUE"
"347","Data Scientist","FALSE","FALSE","FALSE","FALSE","TRUE","FALSE","TRUE","FALSE"
"348","Product Manager","FALSE","FALSE","FALSE","TRUE","TRUE","TRUE","FALSE","FALSE"
"349","Product Manager","TRUE","FALSE","FALSE","FALSE","FALSE","FALSE","FALSE","TRUE"
"350","UX Designer","TRUE","TRUE","TRUE","FALSE","TRUE","FALSE","TRUE","FALSE"
"351","Software Engineer","TRUE","FALSE","FALSE","FALSE","FALSE","TRUE","TRUE","FALSE"
"352","Sales Representative","TRUE","TRUE","FALSE","FALSE","TRUE","TRUE","FALSE","TRUE"
"353","Data Scientist","FALSE","FALSE","FALSE","FALSE","FALSE","TRUE","TRUE","FALSE"
"354","Sales Representative","FALSE","TRUE","TRUE","TRUE","TRUE","TRUE","FALSE","FALSE"
"355","Product Manager","FALSE","TRUE","TRUE","TRUE","FALSE","TRUE","TRUE","TRUE"
"356","Software Engineer","TRUE","TRUE","TRUE","FALSE","TRUE","FALSE","FALSE","FALSE"
"357","Sales Representative","TRUE","FALSE","FALSE","TRUE","FALSE","FALSE","FALSE","FALSE"
"358","Sales Representative","TRUE","TRUE","FALSE","FALSE","FALSE","FALSE","FALSE","TRUE"
"359","Product Manager","FALSE","TRUE","FALSE","TRUE","TRUE","TRUE","TRUE","TRUE"
"360","Data Scientist","FALSE","FALSE","FALSE","FALSE","FALSE","FALSE","TRUE","TRUE"
"361","Software Engineer","TRUE","FALSE","FALSE","FALSE","TRUE","FALSE","FALSE","TRUE"
"362","Product Manager","TRUE","FALSE","TRUE","FALSE","FALSE","TRUE","FALSE","FALSE"
"363","Software Engineer","FALSE","TRUE","FALSE","FALSE","FALSE","FALSE","TRUE","TRUE"
"364","Data Scientist","FALSE","FALSE","TRUE","TRUE","TRUE","TRUE","TRUE","TRUE"
"365","Software Engineer","FALSE","TRUE","FALSE","TRUE","FALSE","FALSE","TRUE","TRUE"
"366","Data Scientist","TRUE","FALSE","FALSE","TRUE","TRUE","TRUE","TRUE","FALSE"
"367","UX Designer","FALSE","FALSE","TRUE","TRUE","TRUE","FALSE","TRUE","TRUE"
"368","Sales Representative","FALSE","FALSE","FALSE","TRUE","TRUE","FALSE","FALSE","FALSE"
"369","Sales Representative","FALSE","TRUE","TRUE","TRUE","TRUE","FALSE","FALSE","TRUE"
"370","Product Manager","TRUE","FALSE","TRUE","FALSE","TRUE","TRUE","FALSE","FALSE"
"371","Software Engineer","TRUE","FALSE","TRUE","FALSE","FALSE","FALSE","TRUE","TRUE"
"372","Product Manager","FALSE","TRUE","FALSE","TRUE","FALSE","TRUE","TRUE","TRUE"
"373","UX Designer","FALSE","TRUE","TRUE","FALSE","FALSE","TRUE","TRUE","TRUE"
"374","Sales Representative","FALSE","TRUE","FALSE","TRUE","TRUE","FALSE","FALSE","TRUE"
"375","UX Designer","TRUE","TRUE","TRUE","FALSE","TRUE","FALSE","FALSE","TRUE"
"376","Software Engineer","TRUE","TRUE","TRUE","TRUE","FALSE","FALSE","FALSE","TRUE"
"377","UX Designer","TRUE","TRUE","FALSE","TRUE","FALSE","TRUE","TRUE","TRUE"
"378","Data Scientist","FALSE","FALSE","TRUE","FALSE","TRUE","TRUE","TRUE","FALSE"
"379","Software Engineer","FALSE","TRUE","TRUE","FALSE","TRUE","TRUE","TRUE","FALSE"
"380","Sales Representative","TRUE","TRUE","TRUE","TRUE","FALSE","FALSE","TRUE","TRUE"
"381","Software Engineer","TRUE","FALSE","FALSE","TRUE","TRUE","FALSE","TRUE","TRUE"
"382","UX Designer","FALSE","TRUE","TRUE","FALSE","FALSE","FALSE","TRUE","TRUE"
"383","Sales Representative","FALSE","TRUE","FALSE","FALSE","FALSE","TRUE","FALSE","FALSE"
"384","Data Scientist","TRUE","TRUE","FALSE","TRUE","FALSE","FALSE","FALSE","FALSE"
"385","Sales Representative","FALSE","TRUE","FALSE","FALSE","TRUE","FALSE","FALSE","TRUE"
"386","Software Engineer","FALSE","TRUE","TRUE","TRUE","FALSE","TRUE","TRUE","FALSE"
"387","UX Designer","FALSE","TRUE","TRUE","FALSE","TRUE","TRUE","FALSE","TRUE"
"388","UX Designer","TRUE","TRUE","TRUE","TRUE","TRUE","FALSE","FALSE","TRUE"
"389","Data Scientist","TRUE","TRUE","TRUE","TRUE","TRUE","FALSE","TRUE","FALSE"
"390","Sales Representative","FALSE","TRUE","TRUE","TRUE","TRUE","FALSE","FALSE","FALSE"
"391","UX Designer","TRUE","FALSE","FALSE","TRUE","FALSE","FALSE","FALSE","TRUE"
"392","Product Manager","TRUE","FALSE","TRUE","FALSE","FALSE","TRUE","FALSE","TRUE"
"393","Product Manager","FALSE","TRUE","FALSE","FALSE","TRUE","FALSE","FALSE","FALSE"
"394","Product Manager","TRUE","FALSE","FALSE","FALSE","TRUE","FALSE","FALSE","FALSE"
"395","Software Engineer","FALSE","FALSE","TRUE","TRUE","TRUE","TRUE","FALSE","FALSE"
"396","UX Designer","FALSE","TRUE","TRUE","TRUE","TRUE","FALSE","TRUE","FALSE"
"397","Sales Representative","FALSE","FALSE","TRUE","FALSE","FALSE","FALSE","TRUE","FALSE"
"398","Product Manager","TRUE","TRUE","TRUE","FALSE","TRUE","FALSE","FALSE","TRUE"
"399","UX Designer","TRUE","TRUE","TRUE","TRUE","TRUE","FALSE","TRUE","FALSE"
"400","Product Manager","TRUE","TRUE","TRUE","FALSE","FALSE","FALSE","TRUE","TRUE"
"401","UX Designer","FALSE","TRUE","TRUE","FALSE","FALSE","TRUE","FALSE","TRUE"
"402","Data Scientist","TRUE","TRUE","TRUE","TRUE","TRUE","FALSE","TRUE","FALSE"
"403","Software Engineer","FALSE","TRUE","TRUE","FALSE","FALSE","TRUE","FALSE","TRUE"
"404","Sales Representative","FALSE","FALSE","TRUE","FALSE","FALSE","FALSE","TRUE","FALSE"
"405","Product Manager","FALSE","TRUE","TRUE","TRUE","TRUE","FALSE","TRUE","TRUE"
"406","Software Engineer","TRUE","FALSE","FALSE","FALSE","TRUE","FALSE","FALSE","FALSE"
"407","Data Scientist","FALSE","FALSE","TRUE","FALSE","FALSE","TRUE","FALSE","FALSE"
"408","Sales Representative","FALSE","TRUE","TRUE","TRUE","FALSE","TRUE","TRUE","TRUE"
"409","Sales Representative","FALSE","TRUE","TRUE","TRUE","FALSE","FALSE","TRUE","TRUE"
"410","Sales Representative","FALSE","TRUE","TRUE","TRUE","FALSE","FALSE","TRUE","TRUE"
"411","Software Engineer","FALSE","TRUE","FALSE","TRUE","TRUE","TRUE","TRUE","FALSE"
"412","Sales Representative","FALSE","TRUE","TRUE","TRUE","FALSE","TRUE","TRUE","TRUE"
"413","Sales Representative","FALSE","TRUE","FALSE","FALSE","TRUE","FALSE","FALSE","FALSE"
"414","Software Engineer","TRUE","TRUE","TRUE","TRUE","TRUE","FALSE","TRUE","FALSE"
"415","UX Designer","FALSE","FALSE","TRUE","TRUE","FALSE","FALSE","FALSE","TRUE"
"416","Software Engineer","FALSE","TRUE","FALSE","TRUE","TRUE","TRUE","TRUE","FALSE"
"417","Software Engineer","FALSE","FALSE","FALSE","FALSE","TRUE","TRUE","FALSE","FALSE"
"418","Sales Representative","FALSE","FALSE","FALSE","TRUE","TRUE","FALSE","TRUE","TRUE"
"419","Software Engineer","TRUE","TRUE","FALSE","FALSE","TRUE","TRUE","FALSE","TRUE"
"420","UX Designer","FALSE","TRUE","FALSE","TRUE","TRUE","TRUE","TRUE","FALSE"
"421","UX Designer","TRUE","FALSE","TRUE","TRUE","FALSE","TRUE","TRUE","TRUE"
"422","Sales Representative","FALSE","TRUE","FALSE","TRUE","FALSE","TRUE","TRUE","FALSE"
"423","Product Manager","TRUE","FALSE","TRUE","TRUE","TRUE","FALSE","TRUE","TRUE"
"424","UX Designer","FALSE","FALSE","TRUE","FALSE","TRUE","FALSE","FALSE","TRUE"
"425","Product Manager","TRUE","FALSE","TRUE","TRUE","FALSE","TRUE","TRUE","TRUE"
"426","Software Engineer","FALSE","FALSE","TRUE","FALSE","FALSE","FALSE","FALSE","TRUE"
"427","Product Manager","TRUE","FALSE","FALSE","TRUE","TRUE","FALSE","TRUE","FALSE"
"428","UX Designer","FALSE","FALSE","TRUE","TRUE","TRUE","FALSE","TRUE","FALSE"
"429","Data Scientist","FALSE","TRUE","FALSE","TRUE","TRUE","FALSE","TRUE","FALSE"
"430","Product Manager","TRUE","TRUE","TRUE","TRUE","FALSE","TRUE","FALSE","FALSE"
"431","Sales Representative","FALSE","FALSE","FALSE","TRUE","TRUE","TRUE","TRUE","TRUE"
"432","UX Designer","FALSE","TRUE","FALSE","FALSE","FALSE","TRUE","FALSE","TRUE"
"433","Software Engineer","FALSE","TRUE","FALSE","TRUE","TRUE","TRUE","TRUE","TRUE"
"434","Sales Representative","FALSE","TRUE","TRUE","FALSE","TRUE","FALSE","TRUE","TRUE"
"435","Sales Representative","TRUE","FALSE","TRUE","TRUE","FALSE","FALSE","TRUE","FALSE"
"436","Product Manager","TRUE","TRUE","TRUE","FALSE","TRUE","TRUE","TRUE","FALSE"
"437","UX Designer","TRUE","TRUE","TRUE","TRUE","TRUE","TRUE","FALSE","FALSE"
"438","UX Designer","TRUE","TRUE","TRUE","TRUE","TRUE","FALSE","FALSE","TRUE"
"439","Sales Representative","TRUE","FALSE","TRUE","FALSE","TRUE","TRUE","TRUE","FALSE"
"440","Product Manager","FALSE","FALSE","FALSE","TRUE","TRUE","FALSE","FALSE","FALSE"
"441","Sales Representative","FALSE","TRUE","TRUE","TRUE","TRUE","FALSE","TRUE","TRUE"
"442","Sales Representative","TRUE","TRUE","TRUE","FALSE","FALSE","FALSE","TRUE","FALSE"
"443","Software Engineer","TRUE","FALSE","TRUE","TRUE","TRUE","FALSE","TRUE","TRUE"
"444","Product Manager","TRUE","FALSE","TRUE","FALSE","FALSE","FALSE","FALSE","TRUE"
"445","Data Scientist","TRUE","FALSE","TRUE","FALSE","FALSE","TRUE","FALSE","TRUE"
"446","UX Designer","FALSE","FALSE","FALSE","TRUE","FALSE","TRUE","TRUE","FALSE"
"447","Software Engineer","FALSE","FALSE","FALSE","FALSE","TRUE","FALSE","FALSE","TRUE"
"448","Sales Representative","FALSE","TRUE","TRUE","FALSE","FALSE","TRUE","TRUE","TRUE"
"449","Sales Representative","TRUE","TRUE","TRUE","TRUE","FALSE","FALSE","FALSE","TRUE"
"450","Product Manager","TRUE","TRUE","TRUE","FALSE","FALSE","FALSE","FALSE","FALSE"
"451","Product Manager","FALSE","TRUE","FALSE","FALSE","FALSE","TRUE","TRUE","FALSE"
"452","Product Manager","FALSE","TRUE","FALSE","FALSE","FALSE","TRUE","FALSE","TRUE"
"453","Data Scientist","FALSE","TRUE","TRUE","FALSE","TRUE","TRUE","TRUE","TRUE"
"454","Software Engineer","TRUE","TRUE","FALSE","FALSE","FALSE","FALSE","TRUE","TRUE"
"455","Sales Representative","TRUE","TRUE","TRUE","FALSE","FALSE","FALSE","FALSE","TRUE"
"456","UX Designer","FALSE","FALSE","TRUE","FALSE","TRUE","FALSE","FALSE","TRUE"
"457","UX Designer","TRUE","FALSE","FALSE","FALSE","TRUE","TRUE","FALSE","TRUE"
"458","UX Designer","FALSE","TRUE","FALSE","FALSE","TRUE","FALSE","TRUE","TRUE"
"459","Sales Representative","FALSE","TRUE","TRUE","TRUE","TRUE","TRUE","FALSE","TRUE"
"460","Data Scientist","TRUE","TRUE","TRUE","FALSE","FALSE","FALSE","FALSE","FALSE"
"461","Sales Representative","FALSE","FALSE","TRUE","FALSE","TRUE","FALSE","FALSE","FALSE"
"462","UX Designer","FALSE","FALSE","TRUE","FALSE","FALSE","FALSE","TRUE","FALSE"
"463","Sales Representative","FALSE","FALSE","TRUE","TRUE","TRUE","TRUE","TRUE","TRUE"
"464","Product Manager","TRUE","FALSE","TRUE","TRUE","FALSE","FALSE","TRUE","TRUE"
"465","Software Engineer","FALSE","FALSE","FALSE","FALSE","FALSE","FALSE","TRUE","TRUE"
"466","Data Scientist","TRUE","FALSE","FALSE","FALSE","TRUE","FALSE","TRUE","TRUE"
"467","Sales Representative","TRUE","FALSE","FALSE","FALSE","FALSE","TRUE","FALSE","FALSE"
"468","Product Manager","FALSE","FALSE","FALSE","TRUE","FALSE","FALSE","FALSE","TRUE"
"469","Software Engineer","TRUE","FALSE","TRUE","FALSE","FALSE","FALSE","TRUE","TRUE"
"470","Data Scientist","FALSE","FALSE","TRUE","FALSE","FALSE","FALSE","TRUE","FALSE"
"471","UX Designer","FALSE","TRUE","FALSE","FALSE","TRUE","FALSE","FALSE","TRUE"
"472","Software Engineer","TRUE","TRUE","TRUE","TRUE","TRUE","FALSE","TRUE","FALSE"
"473","Data Scientist","TRUE","TRUE","TRUE","TRUE","FALSE","TRUE","FALSE","TRUE"
"474","Product Manager","TRUE","TRUE","FALSE","TRUE","TRUE","FALSE","TRUE","FALSE"
"475","Software Engineer","TRUE","TRUE","FALSE","FALSE","TRUE","TRUE","FALSE","FALSE"
"476","Sales Representative","FALSE","FALSE","FALSE","FALSE","TRUE","TRUE","FALSE","FALSE"
"477","Sales Representative","TRUE","TRUE","FALSE","TRUE","FALSE","TRUE","FALSE","TRUE"
"478","UX Designer","FALSE","FALSE","FALSE","TRUE","TRUE","FALSE","FALSE","FALSE"
"479","Data Scientist","FALSE","TRUE","FALSE","TRUE","TRUE","FALSE","FALSE","FALSE"
"480","Sales Representative","TRUE","TRUE","TRUE","TRUE","FALSE","TRUE","TRUE","FALSE"
"481","Software Engineer","FALSE","FALSE","FALSE","TRUE","FALSE","FALSE","FALSE","TRUE"
"482","UX Designer","FALSE","TRUE","FALSE","TRUE","TRUE","TRUE","TRUE","TRUE"
"483","Sales Representative","FALSE","TRUE","FALSE","TRUE","FALSE","FALSE","FALSE","TRUE"
"484","Data Scientist","TRUE","FALSE","FALSE","TRUE","FALSE","FALSE","TRUE","FALSE"
"485","Product Manager","TRUE","TRUE","FALSE","FALSE","TRUE","FALSE","FALSE","TRUE"
"486","Sales Representative","TRUE","FALSE","TRUE","TRUE","FALSE","FALSE","TRUE","FALSE"
"487","Sales Representative","FALSE","FALSE","FALSE","TRUE","FALSE","FALSE","FALSE","TRUE"
"488","Software Engineer","TRUE","TRUE","TRUE","FALSE","TRUE","FALSE","TRUE","TRUE"
"489","Data Scientist","FALSE","FALSE","FALSE","TRUE","TRUE","FALSE","TRUE","TRUE"
"490","Software Engineer","FALSE","FALSE","TRUE","TRUE","FALSE","TRUE","FALSE","TRUE"
"491","Sales Representative","FALSE","FALSE","FALSE","TRUE","TRUE","FALSE","FALSE","TRUE"
"492","Data Scientist","TRUE","FALSE","TRUE","TRUE","FALSE","FALSE","FALSE","TRUE"
"493","Data Scientist","TRUE","TRUE","TRUE","TRUE","FALSE","TRUE","TRUE","FALSE"
"494","Data Scientist","TRUE","FALSE","TRUE","FALSE","FALSE","FALSE","TRUE","FALSE"
"495","Product Manager","FALSE","TRUE","FALSE","TRUE","FALSE","FALSE","FALSE","FALSE"
"496","Product Manager","TRUE","FALSE","TRUE","FALSE","FALSE","FALSE","TRUE","TRUE"
"497","Data Scientist","FALSE","TRUE","TRUE","FALSE","TRUE","FALSE","TRUE","TRUE"
"498","Sales Representative","TRUE","TRUE","TRUE","FALSE","FALSE","FALSE","TRUE","TRUE"
"499","Data Scientist","TRUE","TRUE","TRUE","TRUE","FALSE","FALSE","TRUE","FALSE"
"500","Sales Representative","FALSE","FALSE","FALSE","FALSE","FALSE","TRUE","TRUE","TRUE"
"501","Data Scientist","TRUE","TRUE","FALSE","TRUE","TRUE","FALSE","TRUE","TRUE"
"502","UX Designer","FALSE","TRUE","FALSE","FALSE","FALSE","TRUE","TRUE","TRUE"
"503","Product Manager","TRUE","TRUE","FALSE","FALSE","TRUE","TRUE","FALSE","TRUE"
"504","Sales Representative","FALSE","FALSE","FALSE","FALSE","FALSE","FALSE","TRUE","TRUE"
"505","Sales Representative","FALSE","TRUE","FALSE","FALSE","TRUE","TRUE","TRUE","FALSE"
"506","Software Engineer","TRUE","TRUE","TRUE","FALSE","FALSE","TRUE","TRUE","FALSE"
"507","Data Scientist","FALSE","FALSE","FALSE","FALSE","FALSE","TRUE","TRUE","FALSE"
"508","Data Scientist","TRUE","FALSE","FALSE","TRUE","TRUE","TRUE","TRUE","TRUE"
"509","UX Designer","TRUE","FALSE","TRUE","FALSE","TRUE","TRUE","FALSE","FALSE"
"510","Sales Representative","FALSE","FALSE","FALSE","TRUE","TRUE","FALSE","TRUE","FALSE"
"511","Software Engineer","FALSE","TRUE","TRUE","TRUE","FALSE","TRUE","TRUE","FALSE"
"512","Software Engineer","FALSE","TRUE","FALSE","FALSE","FALSE","TRUE","TRUE","TRUE"
"513","Product Manager","FALSE","FALSE","TRUE","FALSE","TRUE","TRUE","TRUE","TRUE"
"514","Product Manager","TRUE","TRUE","FALSE","TRUE","TRUE","FALSE","TRUE","FALSE"
"515","Product Manager","TRUE","TRUE","TRUE","TRUE","TRUE","TRUE","FALSE","FALSE"
"516","Product Manager","FALSE","TRUE","FALSE","TRUE","FALSE","FALSE","FALSE","TRUE"
"517","Software Engineer","FALSE","TRUE","TRUE","TRUE","TRUE","TRUE","TRUE","FALSE"
"518","Data Scientist","FALSE","FALSE","TRUE","FALSE","FALSE","FALSE","FALSE","TRUE"
"519","Sales Representative","TRUE","TRUE","FALSE","TRUE","FALSE","FALSE","TRUE","TRUE"
"520","Product Manager","FALSE","TRUE","TRUE","FALSE","TRUE","FALSE","TRUE","FALSE"
"521","Software Engineer","FALSE","FALSE","TRUE","FALSE","FALSE","FALSE","FALSE","TRUE"
"522","UX Designer","FALSE","TRUE","TRUE","FALSE","FALSE","TRUE","FALSE","TRUE"
"523","Software Engineer","TRUE","FALSE","FALSE","TRUE","FALSE","FALSE","TRUE","FALSE"
"524","Product Manager","TRUE","FALSE","TRUE","FALSE","FALSE","TRUE","FALSE","TRUE"
"525","Data Scientist","TRUE","FALSE","TRUE","FALSE","FALSE","TRUE","TRUE","TRUE"
"526","Data Scientist","FALSE","TRUE","FALSE","FALSE","FALSE","FALSE","FALSE","TRUE"
"527","Product Manager","TRUE","TRUE","TRUE","FALSE","TRUE","FALSE","TRUE","FALSE"
"528","Product Manager","TRUE","TRUE","FALSE","TRUE","TRUE","TRUE","TRUE","FALSE"
"529","Product Manager","TRUE","FALSE","FALSE","FALSE","TRUE","FALSE","FALSE","FALSE"
"530","Software Engineer","FALSE","FALSE","FALSE","FALSE","TRUE","TRUE","FALSE","TRUE"
"531","Software Engineer","FALSE","TRUE","FALSE","FALSE","TRUE","FALSE","FALSE","TRUE"
"532","Product Manager","TRUE","FALSE","FALSE","TRUE","TRUE","TRUE","FALSE","FALSE"
"533","Product Manager","TRUE","TRUE","TRUE","FALSE","TRUE","TRUE","TRUE","FALSE"
"534","Software Engineer","FALSE","TRUE","FALSE","TRUE","FALSE","FALSE","FALSE","FALSE"
"535","Product Manager","FALSE","FALSE","TRUE","TRUE","FALSE","FALSE","TRUE","TRUE"
"536","Software Engineer","TRUE","FALSE","TRUE","FALSE","FALSE","TRUE","TRUE","FALSE"
"537","UX Designer","FALSE","TRUE","FALSE","TRUE","FALSE","TRUE","FALSE","FALSE"
"538","Software Engineer","TRUE","TRUE","TRUE","FALSE","TRUE","FALSE","FALSE","FALSE"
"539","Software Engineer","TRUE","FALSE","TRUE","FALSE","TRUE","FALSE","TRUE","TRUE"
"540","Sales Representative","TRUE","TRUE","TRUE","FALSE","FALSE","TRUE","TRUE","TRUE"
"541","UX Designer","TRUE","TRUE","TRUE","FALSE","TRUE","FALSE","TRUE","TRUE"
"542","Product Manager","FALSE","TRUE","TRUE","TRUE","TRUE","FALSE","FALSE","FALSE"
"543","Data Scientist","FALSE","FALSE","TRUE","TRUE","FALSE","TRUE","TRUE","TRUE"
"544","UX Designer","TRUE","TRUE","FALSE","TRUE","TRUE","FALSE","FALSE","TRUE"
"545","Software Engineer","FALSE","TRUE","FALSE","FALSE","TRUE","FALSE","FALSE","FALSE"
"546","Data Scientist","TRUE","FALSE","FALSE","TRUE","TRUE","TRUE","TRUE","TRUE"
"547","Software Engineer","TRUE","FALSE","TRUE","TRUE","TRUE","TRUE","FALSE","TRUE"
"548","Software Engineer","TRUE","FALSE","TRUE","FALSE","TRUE","TRUE","TRUE","TRUE"
"549","Sales Representative","FALSE","TRUE","TRUE","FALSE","FALSE","TRUE","FALSE","TRUE"
"550","Software Engineer","TRUE","TRUE","FALSE","TRUE","FALSE","FALSE","FALSE","FALSE"
"551","Product Manager","TRUE","FALSE","FALSE","FALSE","FALSE","FALSE","TRUE","FALSE"
"552","Data Scientist","TRUE","FALSE","FALSE","TRUE","FALSE","TRUE","FALSE","TRUE"
"553","Sales Representative","FALSE","FALSE","FALSE","FALSE","FALSE","TRUE","TRUE","FALSE"
"554","Product Manager","TRUE","FALSE","TRUE","TRUE","FALSE","FALSE","FALSE","TRUE"
"555","Software Engineer","FALSE","FALSE","FALSE","FALSE","FALSE","TRUE","FALSE","TRUE"
"556","Software Engineer","FALSE","FALSE","TRUE","FALSE","FALSE","TRUE","TRUE","FALSE"
"557","Product Manager","FALSE","FALSE","FALSE","FALSE","TRUE","TRUE","TRUE","FALSE"
"558","UX Designer","FALSE","TRUE","TRUE","TRUE","TRUE","TRUE","FALSE","TRUE"
"559","Product Manager","FALSE","FALSE","FALSE","TRUE","FALSE","FALSE","TRUE","FALSE"
"560","Data Scientist","FALSE","TRUE","FALSE","FALSE","TRUE","TRUE","TRUE","TRUE"
"561","Data Scientist","TRUE","TRUE","FALSE","TRUE","FALSE","TRUE","FALSE","TRUE"
"562","Software Engineer","FALSE","TRUE","TRUE","TRUE","TRUE","TRUE","FALSE","FALSE"
"563","Software Engineer","TRUE","TRUE","TRUE","TRUE","TRUE","FALSE","FALSE","FALSE"
"564","Product Manager","TRUE","TRUE","FALSE","FALSE","FALSE","FALSE","FALSE","FALSE"
"565","Data Scientist","TRUE","FALSE","FALSE","FALSE","TRUE","FALSE","TRUE","TRUE"
"566","Product Manager","TRUE","TRUE","FALSE","FALSE","FALSE","FALSE","TRUE","FALSE"
"567","Software Engineer","FALSE","TRUE","TRUE","FALSE","TRUE","TRUE","FALSE","TRUE"
"568","Sales Representative","FALSE","TRUE","TRUE","TRUE","FALSE","TRUE","FALSE","FALSE"
"569","Data Scientist","FALSE","FALSE","FALSE","TRUE","TRUE","TRUE","TRUE","TRUE"
"570","Sales Representative","FALSE","TRUE","TRUE","TRUE","FALSE","FALSE","TRUE","FALSE"
"571","Product Manager","FALSE","TRUE","TRUE","TRUE","FALSE","FALSE","FALSE","TRUE"
"572","Sales Representative","TRUE","FALSE","FALSE","TRUE","FALSE","FALSE","TRUE","FALSE"
"573","Sales Representative","TRUE","TRUE","FALSE","FALSE","FALSE","FALSE","TRUE","FALSE"
"574","Product Manager","FALSE","TRUE","TRUE","FALSE","FALSE","TRUE","FALSE","FALSE"
"575","Product Manager","FALSE","TRUE","FALSE","FALSE","TRUE","FALSE","FALSE","FALSE"
"576","Software Engineer","TRUE","FALSE","FALSE","FALSE","FALSE","FALSE","TRUE","TRUE"
"577","Product Manager","TRUE","FALSE","FALSE","TRUE","FALSE","FALSE","TRUE","FALSE"
"578","Product Manager","FALSE","FALSE","TRUE","FALSE","FALSE","FALSE","TRUE","FALSE"
"579","UX Designer","TRUE","TRUE","TRUE","FALSE","TRUE","TRUE","TRUE","FALSE"
"580","Sales Representative","FALSE","TRUE","TRUE","TRUE","FALSE","FALSE","TRUE","TRUE"
"581","UX Designer","FALSE","FALSE","TRUE","TRUE","FALSE","FALSE","TRUE","FALSE"
"582","Sales Representative","TRUE","TRUE","TRUE","TRUE","FALSE","TRUE","FALSE","FALSE"
"583","Software Engineer","FALSE","TRUE","TRUE","TRUE","TRUE","FALSE","TRUE","TRUE"
"584","Software Engineer","TRUE","TRUE","FALSE","FALSE","FALSE","FALSE","FALSE","FALSE"
"585","UX Designer","TRUE","FALSE","TRUE","TRUE","TRUE","TRUE","FALSE","TRUE"
"586","Software Engineer","TRUE","FALSE","TRUE","FALSE","FALSE","FALSE","FALSE","FALSE"
"587","Data Scientist","TRUE","TRUE","TRUE","TRUE","TRUE","FALSE","TRUE","FALSE"
"588","Data Scientist","TRUE","FALSE","TRUE","FALSE","FALSE","FALSE","FALSE","FALSE"
"589","Software Engineer","FALSE","TRUE","TRUE","FALSE","TRUE","TRUE","FALSE","FALSE"
"590","Data Scientist","TRUE","TRUE","FALSE","FALSE","TRUE","TRUE","TRUE","TRUE"
"591","Product Manager","FALSE","TRUE","TRUE","TRUE","FALSE","TRUE","TRUE","TRUE"
"592","Software Engineer","FALSE","FALSE","TRUE","FALSE","FALSE","FALSE","TRUE","TRUE"
"593","UX Designer","TRUE","TRUE","TRUE","FALSE","TRUE","TRUE","FALSE","FALSE"
"594","UX Designer","FALSE","TRUE","FALSE","TRUE","TRUE","TRUE","TRUE","TRUE"
"595","Sales Representative","FALSE","FALSE","TRUE","TRUE","TRUE","TRUE","FALSE","FALSE"
"596","Sales Representative","FALSE","FALSE","TRUE","TRUE","TRUE","TRUE","FALSE","FALSE"
"597","Sales Representative","FALSE","TRUE","FALSE","FALSE","FALSE","TRUE","TRUE","FALSE"
"598","Software Engineer","TRUE","FALSE","TRUE","TRUE","TRUE","TRUE","TRUE","FALSE"
"599","Sales Representative","FALSE","TRUE","TRUE","FALSE","FALSE","TRUE","TRUE","FALSE"
"600","Product Manager","TRUE","TRUE","TRUE","TRUE","TRUE","FALSE","TRUE","FALSE"
"601","Sales Representative","TRUE","FALSE","TRUE","TRUE","FALSE","TRUE","TRUE","TRUE"
"602","UX Designer","FALSE","TRUE","TRUE","TRUE","TRUE","TRUE","FALSE","TRUE"
"603","Product Manager","FALSE","FALSE","TRUE","FALSE","FALSE","FALSE","FALSE","TRUE"
"604","Sales Representative","TRUE","TRUE","TRUE","FALSE","TRUE","TRUE","FALSE","FALSE"
"605","Data Scientist","FALSE","TRUE","FALSE","TRUE","TRUE","FALSE","TRUE","TRUE"
"606","Software Engineer","FALSE","FALSE","TRUE","FALSE","TRUE","FALSE","FALSE","FALSE"
"607","Data Scientist","TRUE","FALSE","TRUE","FALSE","FALSE","FALSE","FALSE","TRUE"
"608","Data Scientist","TRUE","TRUE","TRUE","TRUE","TRUE","FALSE","FALSE","FALSE"
"609","UX Designer","FALSE","TRUE","TRUE","TRUE","FALSE","TRUE","TRUE","TRUE"
"610","Data Scientist","TRUE","FALSE","FALSE","TRUE","TRUE","TRUE","TRUE","TRUE"
"611","UX Designer","FALSE","FALSE","FALSE","TRUE","FALSE","FALSE","FALSE","TRUE"
"612","Software Engineer","FALSE","FALSE","FALSE","TRUE","FALSE","FALSE","TRUE","TRUE"
"613","UX Designer","FALSE","TRUE","FALSE","FALSE","TRUE","TRUE","FALSE","TRUE"
"614","UX Designer","TRUE","FALSE","FALSE","TRUE","TRUE","TRUE","TRUE","TRUE"
"615","UX Designer","TRUE","FALSE","FALSE","TRUE","TRUE","TRUE","TRUE","TRUE"
"616","Product Manager","TRUE","TRUE","FALSE","TRUE","FALSE","TRUE","TRUE","TRUE"
"617","UX Designer","TRUE","TRUE","FALSE","FALSE","TRUE","FALSE","FALSE","FALSE"
"618","UX Designer","TRUE","FALSE","TRUE","TRUE","TRUE","FALSE","TRUE","FALSE"
"619","Software Engineer","TRUE","TRUE","TRUE","TRUE","FALSE","TRUE","TRUE","FALSE"
"620","Product Manager","FALSE","FALSE","TRUE","FALSE","FALSE","FALSE","FALSE","TRUE"
"621","Software Engineer","FALSE","TRUE","FALSE","TRUE","FALSE","TRUE","FALSE","FALSE"
"622","Product Manager","TRUE","TRUE","FALSE","TRUE","TRUE","TRUE","TRUE","FALSE"
"623","Product Manager","FALSE","TRUE","TRUE","TRUE","TRUE","FALSE","TRUE","FALSE"
"624","Product Manager","TRUE","FALSE","FALSE","TRUE","FALSE","FALSE","TRUE","TRUE"
"625","UX Designer","TRUE","FALSE","FALSE","TRUE","TRUE","FALSE","FALSE","FALSE"
"626","Sales Representative","TRUE","TRUE","TRUE","TRUE","FALSE","TRUE","FALSE","TRUE"
"627","Product Manager","TRUE","TRUE","FALSE","FALSE","TRUE","TRUE","TRUE","TRUE"
"628","Sales Representative","FALSE","TRUE","TRUE","FALSE","FALSE","TRUE","FALSE","TRUE"
"629","Sales Representative","TRUE","FALSE","FALSE","TRUE","FALSE","FALSE","FALSE","FALSE"
"630","Software Engineer","FALSE","TRUE","FALSE","FALSE","FALSE","TRUE","FALSE","FALSE"
"631","Software Engineer","FALSE","TRUE","TRUE","TRUE","FALSE","TRUE","FALSE","TRUE"
"632","UX Designer","TRUE","FALSE","FALSE","FALSE","TRUE","FALSE","FALSE","FALSE"
"633","Data Scientist","TRUE","TRUE","FALSE","FALSE","FALSE","FALSE","FALSE","TRUE"
"634","Data Scientist","FALSE","TRUE","TRUE","TRUE","TRUE","TRUE","TRUE","FALSE"
"635","Software Engineer","FALSE","FALSE","TRUE","FALSE","TRUE","FALSE","TRUE","FALSE"
"636","UX Designer","TRUE","TRUE","FALSE","FALSE","FALSE","FALSE","TRUE","TRUE"
"637","Sales Representative","TRUE","TRUE","TRUE","FALSE","FALSE","TRUE","TRUE","TRUE"
"638","Product Manager","FALSE","FALSE","TRUE","TRUE","FALSE","FALSE","FALSE","TRUE"
"639","Data Scientist","FALSE","FALSE","FALSE","TRUE","TRUE","TRUE","TRUE","FALSE"
"640","UX Designer","FALSE","TRUE","FALSE","TRUE","TRUE","FALSE","FALSE","FALSE"
"641","UX Designer","TRUE","TRUE","FALSE","TRUE","TRUE","FALSE","FALSE","FALSE"
"642","Data Scientist","FALSE","FALSE","TRUE","FALSE","FALSE","TRUE","TRUE","FALSE"
"643","Data Scientist","TRUE","FALSE","FALSE","TRUE","TRUE","TRUE","TRUE","FALSE"
"644","Software Engineer","TRUE","TRUE","FALSE","TRUE","FALSE","TRUE","FALSE","FALSE"
"645","UX Designer","TRUE","FALSE","FALSE","FALSE","TRUE","FALSE","FALSE","FALSE"
"646","Product Manager","TRUE","TRUE","TRUE","TRUE","TRUE","FALSE","FALSE","TRUE"
"647","Sales Representative","FALSE","FALSE","TRUE","FALSE","FALSE","FALSE","FALSE","TRUE"
"648","UX Designer","FALSE","TRUE","FALSE","FALSE","FALSE","FALSE","TRUE","FALSE"
"649","Product Manager","TRUE","TRUE","FALSE","TRUE","FALSE","FALSE","TRUE","FALSE"
"650","Product Manager","FALSE","FALSE","TRUE","TRUE","FALSE","FALSE","FALSE","FALSE"
"651","Sales Representative","TRUE","FALSE","FALSE","TRUE","FALSE","FALSE","FALSE","FALSE"
"652","Product Manager","FALSE","TRUE","TRUE","FALSE","FALSE","TRUE","TRUE","TRUE"
"653","UX Designer","FALSE","TRUE","TRUE","FALSE","FALSE","FALSE","TRUE","FALSE"
"654","Product Manager","TRUE","FALSE","FALSE","FALSE","FALSE","TRUE","FALSE","FALSE"
"655","Data Scientist","TRUE","FALSE","FALSE","TRUE","FALSE","TRUE","TRUE","TRUE"
"656","Sales Representative","FALSE","FALSE","FALSE","TRUE","FALSE","TRUE","TRUE","TRUE"
"657","Product Manager","FALSE","TRUE","FALSE","FALSE","TRUE","FALSE","TRUE","TRUE"
"658","Product Manager","FALSE","TRUE","FALSE","TRUE","TRUE","TRUE","TRUE","FALSE"
"659","Product Manager","TRUE","FALSE","TRUE","TRUE","TRUE","TRUE","FALSE","TRUE"
"660","Data Scientist","TRUE","TRUE","FALSE","FALSE","TRUE","FALSE","FALSE","TRUE"
"661","UX Designer","FALSE","FALSE","TRUE","TRUE","TRUE","FALSE","FALSE","FALSE"
"662","Product Manager","FALSE","FALSE","TRUE","FALSE","TRUE","FALSE","FALSE","FALSE"
"663","Software Engineer","TRUE","TRUE","TRUE","TRUE","FALSE","TRUE","FALSE","FALSE"
"664","Software Engineer","TRUE","FALSE","TRUE","TRUE","FALSE","TRUE","TRUE","TRUE"
"665","Product Manager","TRUE","TRUE","TRUE","TRUE","FALSE","TRUE","FALSE","TRUE"
"666","Software Engineer","FALSE","TRUE","TRUE","TRUE","FALSE","TRUE","TRUE","TRUE"
"667","Data Scientist","FALSE","TRUE","FALSE","FALSE","TRUE","TRUE","FALSE","TRUE"
"668","UX Designer","FALSE","TRUE","FALSE","FALSE","FALSE","TRUE","TRUE","FALSE"
"669","Data Scientist","FALSE","TRUE","FALSE","TRUE","FALSE","FALSE","FALSE","FALSE"
"670","Sales Representative","TRUE","TRUE","FALSE","TRUE","TRUE","TRUE","FALSE","FALSE"
"671","UX Designer","TRUE","FALSE","FALSE","FALSE","FALSE","TRUE","FALSE","TRUE"
"672","Software Engineer","TRUE","FALSE","TRUE","FALSE","TRUE","TRUE","TRUE","TRUE"
"673","Software Engineer","FALSE","TRUE","FALSE","FALSE","FALSE","FALSE","FALSE","TRUE"
"674","Sales Representative","TRUE","TRUE","TRUE","TRUE","TRUE","TRUE","FALSE","FALSE"
"675","Software Engineer","TRUE","TRUE","TRUE","TRUE","FALSE","TRUE","FALSE","FALSE"
"676","UX Designer","TRUE","TRUE","FALSE","FALSE","FALSE","FALSE","TRUE","FALSE"
"677","Software Engineer","FALSE","FALSE","FALSE","TRUE","FALSE","TRUE","FALSE","TRUE"
"678","Data Scientist","FALSE","FALSE","TRUE","TRUE","TRUE","FALSE","TRUE","FALSE"
"679","UX Designer","TRUE","FALSE","FALSE","FALSE","TRUE","TRUE","FALSE","FALSE"
"680","Product Manager","FALSE","FALSE","TRUE","FALSE","FALSE","TRUE","TRUE","FALSE"
"681","Data Scientist","FALSE","FALSE","FALSE","FALSE","TRUE","FALSE","TRUE","TRUE"
"682","Data Scientist","FALSE","FALSE","TRUE","TRUE","TRUE","FALSE","TRUE","FALSE"
"683","Sales Representative","TRUE","FALSE","FALSE","TRUE","TRUE","TRUE","TRUE","TRUE"
"684","Data Scientist","FALSE","TRUE","TRUE","TRUE","TRUE","TRUE","TRUE","FALSE"
"685","Data Scientist","FALSE","TRUE","TRUE","TRUE","FALSE","FALSE","FALSE","TRUE"
"686","Product Manager","TRUE","TRUE","FALSE","FALSE","TRUE","TRUE","TRUE","TRUE"
"687","Sales Representative","FALSE","TRUE","TRUE","TRUE","FALSE","TRUE","FALSE","TRUE"
"688","Software Engineer","FALSE","FALSE","FALSE","FALSE","TRUE","FALSE","TRUE","FALSE"
"689","Software Engineer","FALSE","FALSE","FALSE","FALSE","TRUE","TRUE","FALSE","FALSE"
"690","UX Designer","FALSE","FALSE","TRUE","TRUE","FALSE","FALSE","TRUE","FALSE"
"691","UX Designer","TRUE","FALSE","TRUE","FALSE","TRUE","TRUE","FALSE","TRUE"
"692","Data Scientist","TRUE","TRUE","TRUE","FALSE","FALSE","TRUE","FALSE","TRUE"
"693","Product Manager","TRUE","FALSE","TRUE","FALSE","FALSE","FALSE","TRUE","FALSE"
"694","Data Scientist","FALSE","FALSE","FALSE","FALSE","TRUE","TRUE","FALSE","FALSE"
"695","UX Designer","FALSE","TRUE","FALSE","FALSE","TRUE","FALSE","FALSE","TRUE"
"696","Sales Representative","TRUE","TRUE","FALSE","TRUE","TRUE","FALSE","TRUE","TRUE"
"697","Data Scientist","TRUE","TRUE","TRUE","FALSE","FALSE","FALSE","TRUE","FALSE"
"698","Sales Representative","FALSE","FALSE","TRUE","FALSE","FALSE","TRUE","FALSE","FALSE"
"699","Software Engineer","FALSE","FALSE","FALSE","TRUE","FALSE","TRUE","FALSE","FALSE"
"700","Sales Representative","TRUE","FALSE","FALSE","TRUE","FALSE","FALSE","FALSE","TRUE"
"701","UX Designer","FALSE","TRUE","TRUE","FALSE","TRUE","TRUE","FALSE","FALSE"
"702","UX Designer","TRUE","TRUE","FALSE","TRUE","TRUE","TRUE","TRUE","FALSE"
"703","Sales Representative","TRUE","FALSE","FALSE","FALSE","FALSE","TRUE","TRUE","FALSE"
"704","Product Manager","FALSE","TRUE","TRUE","FALSE","TRUE","TRUE","TRUE","TRUE"
"705","UX Designer","TRUE","FALSE","FALSE","FALSE","TRUE","FALSE","FALSE","FALSE"
"706","Sales Representative","TRUE","TRUE","FALSE","TRUE","FALSE","TRUE","TRUE","TRUE"
"707","Software Engineer","FALSE","FALSE","FALSE","FALSE","TRUE","FALSE","TRUE","FALSE"
"708","Product Manager","FALSE","FALSE","FALSE","TRUE","FALSE","TRUE","FALSE","FALSE"
"709","Software Engineer","FALSE","FALSE","FALSE","TRUE","TRUE","TRUE","TRUE","FALSE"
"710","Product Manager","FALSE","TRUE","TRUE","TRUE","TRUE","TRUE","TRUE","FALSE"
"711","Sales Representative","FALSE","FALSE","TRUE","FALSE","TRUE","TRUE","TRUE","FALSE"
"712","Data Scientist","TRUE","TRUE","TRUE","FALSE","FALSE","FALSE","TRUE","FALSE"
"713","Software Engineer","FALSE","TRUE","FALSE","TRUE","FALSE","FALSE","TRUE","TRUE"
"714","UX Designer","TRUE","FALSE","FALSE","TRUE","FALSE","TRUE","TRUE","TRUE"
"715","Data Scientist","FALSE","FALSE","FALSE","FALSE","TRUE","FALSE","FALSE","TRUE"
"716","Product Manager","FALSE","FALSE","FALSE","FALSE","FALSE","TRUE","FALSE","TRUE"
"717","Sales Representative","FALSE","TRUE","TRUE","TRUE","TRUE","FALSE","TRUE","TRUE"
"718","Data Scientist","TRUE","TRUE","FALSE","FALSE","FALSE","TRUE","FALSE","FALSE"
"719","Data Scientist","TRUE","FALSE","FALSE","FALSE","TRUE","TRUE","TRUE","TRUE"
"720","Data Scientist","TRUE","TRUE","FALSE","TRUE","FALSE","TRUE","FALSE","TRUE"
"721","Product Manager","TRUE","TRUE","FALSE","TRUE","FALSE","FALSE","TRUE","TRUE"
"722","Product Manager","FALSE","TRUE","TRUE","FALSE","FALSE","TRUE","TRUE","FALSE"
"723","Software Engineer","TRUE","FALSE","TRUE","FALSE","FALSE","TRUE","TRUE","FALSE"
"724","Data Scientist","TRUE","TRUE","FALSE","FALSE","TRUE","TRUE","TRUE","FALSE"
"725","UX Designer","TRUE","FALSE","TRUE","FALSE","TRUE","FALSE","FALSE","FALSE"
"726","Product Manager","FALSE","FALSE","FALSE","TRUE","FALSE","FALSE","FALSE","TRUE"
"727","Software Engineer","TRUE","TRUE","TRUE","TRUE","FALSE","TRUE","FALSE","FALSE"
"728","Product Manager","TRUE","FALSE","FALSE","FALSE","FALSE","FALSE","TRUE","FALSE"
"729","UX Designer","TRUE","TRUE","FALSE","FALSE","FALSE","TRUE","FALSE","FALSE"
"730","Software Engineer","TRUE","TRUE","TRUE","TRUE","FALSE","TRUE","FALSE","FALSE"
"731","UX Designer","FALSE","TRUE","FALSE","FALSE","TRUE","FALSE","FALSE","FALSE"
"732","UX Designer","FALSE","FALSE","TRUE","TRUE","TRUE","TRUE","TRUE","TRUE"
"733","Data Scientist","TRUE","TRUE","FALSE","FALSE","FALSE","FALSE","TRUE","TRUE"
"734","Sales Representative","FALSE","FALSE","TRUE","TRUE","TRUE","TRUE","TRUE","TRUE"
"735","Data Scientist","TRUE","TRUE","FALSE","TRUE","TRUE","TRUE","TRUE","FALSE"
"736","Software Engineer","FALSE","FALSE","FALSE","TRUE","TRUE","FALSE","TRUE","FALSE"
"737","Product Manager","TRUE","FALSE","TRUE","TRUE","FALSE","FALSE","TRUE","FALSE"
"738","UX Designer","FALSE","TRUE","FALSE","TRUE","TRUE","TRUE","TRUE","TRUE"
"739","Sales Representative","TRUE","FALSE","TRUE","TRUE","TRUE","TRUE","FALSE","TRUE"
"740","Software Engineer","FALSE","FALSE","FALSE","TRUE","TRUE","TRUE","FALSE","TRUE"
"741","Product Manager","FALSE","FALSE","TRUE","FALSE","FALSE","FALSE","TRUE","FALSE"
"742","Product Manager","TRUE","FALSE","TRUE","TRUE","FALSE","FALSE","TRUE","TRUE"
"743","UX Designer","TRUE","TRUE","TRUE","FALSE","TRUE","TRUE","FALSE","TRUE"
"744","Sales Representative","FALSE","FALSE","FALSE","FALSE","TRUE","TRUE","FALSE","FALSE"
"745","Software Engineer","FALSE","FALSE","FALSE","FALSE","FALSE","TRUE","FALSE","TRUE"
"746","Software Engineer","FALSE","FALSE","FALSE","FALSE","FALSE","TRUE","TRUE","TRUE"
"747","Sales Representative","FALSE","FALSE","TRUE","TRUE","FALSE","TRUE","FALSE","FALSE"
"748","Sales Representative","TRUE","FALSE","TRUE","TRUE","TRUE","TRUE","FALSE","TRUE"
"749","Product Manager","FALSE","TRUE","FALSE","FALSE","TRUE","FALSE","FALSE","FALSE"
"750","Software Engineer","TRUE","TRUE","FALSE","FALSE","FALSE","TRUE","FALSE","FALSE"
"751","Sales Representative","TRUE","TRUE","TRUE","FALSE","TRUE","TRUE","FALSE","FALSE"
"752","Sales Representative","TRUE","TRUE","FALSE","TRUE","TRUE","TRUE","FALSE","TRUE"
"753","UX Designer","TRUE","FALSE","FALSE","TRUE","FALSE","FALSE","FALSE","FALSE"
"754","Sales Representative","TRUE","FALSE","FALSE","FALSE","FALSE","TRUE","FALSE","TRUE"
"755","Sales Representative","FALSE","FALSE","FALSE","FALSE","FALSE","TRUE","FALSE","TRUE"
"756","Sales Representative","TRUE","TRUE","TRUE","TRUE","FALSE","TRUE","TRUE","FALSE"
"757","Data Scientist","TRUE","TRUE","TRUE","TRUE","FALSE","TRUE","FALSE","FALSE"
"758","Product Manager","FALSE","FALSE","TRUE","TRUE","FALSE","FALSE","TRUE","TRUE"
"759","UX Designer","TRUE","TRUE","TRUE","FALSE","TRUE","FALSE","TRUE","FALSE"
"760","Data Scientist","TRUE","TRUE","TRUE","TRUE","FALSE","TRUE","TRUE","FALSE"
"761","Software Engineer","TRUE","TRUE","TRUE","TRUE","FALSE","FALSE","TRUE","TRUE"
"762","Software Engineer","FALSE","TRUE","TRUE","TRUE","TRUE","TRUE","FALSE","TRUE"
"763","Software Engineer","FALSE","FALSE","TRUE","TRUE","FALSE","FALSE","FALSE","FALSE"
"764","Data Scientist","TRUE","FALSE","FALSE","TRUE","FALSE","FALSE","FALSE","FALSE"
"765","Software Engineer","TRUE","FALSE","TRUE","TRUE","TRUE","TRUE","FALSE","TRUE"
"766","Product Manager","FALSE","TRUE","TRUE","FALSE","TRUE","TRUE","TRUE","TRUE"
"767","UX Designer","FALSE","TRUE","TRUE","TRUE","FALSE","FALSE","FALSE","TRUE"
"768","Product Manager","FALSE","TRUE","FALSE","FALSE","TRUE","FALSE","FALSE","FALSE"
"769","Software Engineer","TRUE","TRUE","FALSE","TRUE","FALSE","TRUE","TRUE","TRUE"
"770","Data Scientist","FALSE","TRUE","FALSE","FALSE","TRUE","FALSE","TRUE","FALSE"
"771","Software Engineer","TRUE","FALSE","TRUE","FALSE","FALSE","TRUE","TRUE","TRUE"
"772","Data Scientist","TRUE","TRUE","TRUE","FALSE","TRUE","FALSE","TRUE","TRUE"
"773","UX Designer","TRUE","FALSE","TRUE","FALSE","TRUE","FALSE","TRUE","TRUE"
"774","Data Scientist","TRUE","FALSE","TRUE","FALSE","FALSE","FALSE","TRUE","TRUE"
"775","Product Manager","FALSE","FALSE","TRUE","TRUE","FALSE","TRUE","TRUE","FALSE"
"776","Data Scientist","TRUE","FALSE","TRUE","TRUE","TRUE","FALSE","FALSE","FALSE"
"777","Software Engineer","TRUE","FALSE","TRUE","FALSE","TRUE","FALSE","TRUE","FALSE"
"778","UX Designer","FALSE","FALSE","TRUE","TRUE","FALSE","FALSE","TRUE","FALSE"
"779","UX Designer","TRUE","TRUE","TRUE","TRUE","TRUE","FALSE","TRUE","FALSE"
"780","Product Manager","FALSE","FALSE","FALSE","TRUE","TRUE","TRUE","TRUE","TRUE"
"781","UX Designer","FALSE","TRUE","TRUE","FALSE","FALSE","TRUE","TRUE","TRUE"
"782","Sales Representative","TRUE","TRUE","TRUE","TRUE","FALSE","TRUE","FALSE","TRUE"
"783","Sales Representative","FALSE","FALSE","TRUE","FALSE","TRUE","TRUE","FALSE","TRUE"
"784","Software Engineer","TRUE","TRUE","FALSE","TRUE","TRUE","FALSE","TRUE","TRUE"
"785","Product Manager","FALSE","TRUE","TRUE","FALSE","FALSE","FALSE","TRUE","TRUE"
"786","Data Scientist","FALSE","FALSE","TRUE","FALSE","TRUE","FALSE","TRUE","FALSE"
"787","Data Scientist","FALSE","TRUE","FALSE","FALSE","FALSE","TRUE","TRUE","TRUE"
"788","Data Scientist","FALSE","FALSE","FALSE","TRUE","FALSE","TRUE","FALSE","FALSE"
"789","Product Manager","FALSE","TRUE","TRUE","TRUE","TRUE","TRUE","FALSE","TRUE"
"790","UX Designer","TRUE","TRUE","FALSE","TRUE","TRUE","TRUE","FALSE","FALSE"
"791","Product Manager","TRUE","TRUE","TRUE","FALSE","FALSE","FALSE","TRUE","FALSE"
"792","Data Scientist","FALSE","FALSE","FALSE","FALSE","FALSE","TRUE","FALSE","TRUE"
"793","Data Scientist","FALSE","TRUE","FALSE","FALSE","FALSE","FALSE","FALSE","TRUE"
"794","Data Scientist","TRUE","TRUE","FALSE","TRUE","TRUE","TRUE","FALSE","FALSE"
"795","Product Manager","FALSE","TRUE","TRUE","TRUE","FALSE","TRUE","TRUE","TRUE"
"796","Sales Representative","TRUE","TRUE","TRUE","FALSE","TRUE","TRUE","FALSE","FALSE"
"797","Data Scientist","TRUE","FALSE","TRUE","TRUE","TRUE","TRUE","TRUE","FALSE"
"798","UX Designer","FALSE","TRUE","TRUE","FALSE","FALSE","TRUE","FALSE","TRUE"
"799","Product Manager","TRUE","FALSE","TRUE","FALSE","TRUE","TRUE","TRUE","TRUE"
"800","UX Designer","TRUE","TRUE","TRUE","TRUE","TRUE","FALSE","TRUE","FALSE"
"801","Product Manager","FALSE","FALSE","TRUE","FALSE","FALSE","FALSE","TRUE","FALSE"
"802","UX Designer","FALSE","TRUE","TRUE","TRUE","TRUE","TRUE","FALSE","TRUE"
"803","UX Designer","FALSE","FALSE","TRUE","FALSE","FALSE","FALSE","TRUE","FALSE"
"804","Sales Representative","TRUE","FALSE","FALSE","TRUE","TRUE","TRUE","TRUE","FALSE"
"805","Sales Representative","FALSE","FALSE","FALSE","TRUE","FALSE","FALSE","FALSE","TRUE"
"806","Software Engineer","FALSE","FALSE","FALSE","TRUE","FALSE","FALSE","FALSE","TRUE"
"807","Sales Representative","TRUE","TRUE","FALSE","TRUE","FALSE","TRUE","TRUE","TRUE"
"808","Data Scientist","TRUE","FALSE","FALSE","FALSE","FALSE","FALSE","FALSE","TRUE"
"809","UX Designer","FALSE","TRUE","FALSE","TRUE","TRUE","FALSE","TRUE","TRUE"
"810","Data Scientist","TRUE","FALSE","FALSE","TRUE","TRUE","TRUE","FALSE","TRUE"
"811","Data Scientist","FALSE","FALSE","FALSE","TRUE","TRUE","FALSE","TRUE","FALSE"
"812","Data Scientist","FALSE","FALSE","TRUE","FALSE","FALSE","FALSE","TRUE","FALSE"
"813","Software Engineer","FALSE","FALSE","FALSE","TRUE","FALSE","FALSE","FALSE","TRUE"
"814","UX Designer","FALSE","TRUE","FALSE","FALSE","TRUE","FALSE","FALSE","TRUE"
"815","Data Scientist","TRUE","TRUE","FALSE","FALSE","TRUE","TRUE","TRUE","TRUE"
"816","Software Engineer","TRUE","FALSE","TRUE","FALSE","TRUE","TRUE","TRUE","FALSE"
"817","UX Designer","TRUE","TRUE","FALSE","TRUE","TRUE","FALSE","TRUE","FALSE"
"818","Sales Representative","FALSE","FALSE","FALSE","TRUE","TRUE","TRUE","TRUE","FALSE"
"819","Sales Representative","FALSE","TRUE","TRUE","TRUE","TRUE","TRUE","FALSE","FALSE"
"820","Software Engineer","FALSE","FALSE","TRUE","TRUE","FALSE","TRUE","TRUE","FALSE"
"821","Data Scientist","TRUE","FALSE","TRUE","FALSE","TRUE","FALSE","TRUE","FALSE"
"822","Data Scientist","FALSE","FALSE","FALSE","TRUE","TRUE","FALSE","FALSE","FALSE"
"823","UX Designer","TRUE","FALSE","FALSE","FALSE","TRUE","TRUE","TRUE","TRUE"
"824","Product Manager","FALSE","TRUE","TRUE","FALSE","TRUE","TRUE","TRUE","TRUE"
"825","Data Scientist","FALSE","FALSE","FALSE","FALSE","TRUE","FALSE","FALSE","TRUE"
"826","Product Manager","TRUE","TRUE","FALSE","FALSE","FALSE","FALSE","TRUE","FALSE"
"827","Sales Representative","TRUE","TRUE","FALSE","TRUE","FALSE","FALSE","FALSE","TRUE"
"828","Software Engineer","TRUE","FALSE","TRUE","TRUE","TRUE","TRUE","FALSE","TRUE"
"829","Data Scientist","FALSE","TRUE","TRUE","TRUE","TRUE","FALSE","FALSE","TRUE"
"830","Sales Representative","FALSE","TRUE","FALSE","FALSE","TRUE","TRUE","FALSE","TRUE"
"831","Sales Representative","TRUE","TRUE","FALSE","FALSE","TRUE","FALSE","FALSE","FALSE"
"832","Sales Representative","FALSE","TRUE","FALSE","TRUE","TRUE","TRUE","TRUE","TRUE"
"833","Sales Representative","FALSE","TRUE","FALSE","FALSE","FALSE","TRUE","FALSE","FALSE"
"834","Data Scientist","TRUE","FALSE","FALSE","FALSE","FALSE","FALSE","TRUE","FALSE"
"835","Software Engineer","TRUE","FALSE","FALSE","FALSE","FALSE","FALSE","FALSE","TRUE"
"836","Data Scientist","TRUE","TRUE","TRUE","FALSE","FALSE","FALSE","FALSE","TRUE"
"837","Sales Representative","FALSE","FALSE","FALSE","TRUE","TRUE","TRUE","TRUE","TRUE"
"838","Data Scientist","TRUE","FALSE","TRUE","FALSE","TRUE","FALSE","TRUE","FALSE"
"839","UX Designer","TRUE","FALSE","FALSE","FALSE","TRUE","FALSE","TRUE","TRUE"
"840","Product Manager","TRUE","TRUE","TRUE","TRUE","TRUE","FALSE","FALSE","TRUE"
"841","Product Manager","FALSE","TRUE","TRUE","FALSE","TRUE","TRUE","TRUE","TRUE"
"842","Product Manager","TRUE","FALSE","FALSE","TRUE","TRUE","TRUE","FALSE","TRUE"
"843","Product Manager","TRUE","TRUE","FALSE","FALSE","TRUE","FALSE","TRUE","FALSE"
"844","Data Scientist","FALSE","TRUE","FALSE","FALSE","FALSE","FALSE","FALSE","TRUE"
"845","UX Designer","FALSE","FALSE","FALSE","TRUE","FALSE","FALSE","FALSE","TRUE"
"846","Software Engineer","TRUE","FALSE","FALSE","FALSE","TRUE","FALSE","FALSE","FALSE"
"847","UX Designer","FALSE","TRUE","FALSE","TRUE","FALSE","TRUE","FALSE","FALSE"
"848","Product Manager","TRUE","TRUE","FALSE","TRUE","FALSE","TRUE","TRUE","FALSE"
"849","Data Scientist","FALSE","FALSE","FALSE","TRUE","TRUE","FALSE","FALSE","FALSE"
"850","Sales Representative","FALSE","FALSE","FALSE","TRUE","TRUE","FALSE","FALSE","FALSE"
"851","Product Manager","FALSE","TRUE","TRUE","TRUE","TRUE","FALSE","FALSE","TRUE"
"852","Product Manager","FALSE","FALSE","FALSE","FALSE","TRUE","FALSE","FALSE","TRUE"
"853","Product Manager","TRUE","TRUE","FALSE","TRUE","FALSE","FALSE","TRUE","TRUE"
"854","UX Designer","TRUE","FALSE","TRUE","FALSE","TRUE","FALSE","TRUE","FALSE"
"855","Product Manager","FALSE","FALSE","FALSE","FALSE","FALSE","FALSE","TRUE","TRUE"
"856","UX Designer","TRUE","FALSE","FALSE","FALSE","FALSE","FALSE","FALSE","TRUE"
"857","Product Manager","TRUE","TRUE","TRUE","TRUE","FALSE","FALSE","TRUE","TRUE"
"858","Data Scientist","FALSE","TRUE","TRUE","FALSE","TRUE","FALSE","TRUE","FALSE"
"859","Software Engineer","FALSE","TRUE","FALSE","TRUE","TRUE","TRUE","TRUE","TRUE"
"860","Product Manager","TRUE","TRUE","TRUE","FALSE","FALSE","TRUE","FALSE","FALSE"
"861","Sales Representative","FALSE","FALSE","TRUE","TRUE","FALSE","FALSE","FALSE","FALSE"
"862","Product Manager","FALSE","FALSE","TRUE","FALSE","FALSE","TRUE","TRUE","TRUE"
"863","Software Engineer","FALSE","FALSE","FALSE","TRUE","FALSE","FALSE","FALSE","TRUE"
"864","Data Scientist","TRUE","TRUE","TRUE","TRUE","FALSE","FALSE","TRUE","TRUE"
"865","Software Engineer","FALSE","TRUE","FALSE","TRUE","TRUE","FALSE","TRUE","FALSE"
"866","Sales Representative","TRUE","TRUE","TRUE","TRUE","FALSE","FALSE","TRUE","TRUE"
"867","UX Designer","FALSE","FALSE","FALSE","TRUE","FALSE","FALSE","FALSE","TRUE"
"868","Software Engineer","TRUE","FALSE","FALSE","FALSE","TRUE","FALSE","FALSE","FALSE"
"869","Data Scientist","FALSE","FALSE","TRUE","TRUE","TRUE","FALSE","TRUE","FALSE"
"870","Product Manager","FALSE","TRUE","TRUE","TRUE","FALSE","FALSE","FALSE","FALSE"
"871","Software Engineer","TRUE","TRUE","TRUE","TRUE","TRUE","TRUE","FALSE","FALSE"
"872","Product Manager","FALSE","TRUE","FALSE","FALSE","FALSE","FALSE","TRUE","FALSE"
"873","Data Scientist","TRUE","TRUE","TRUE","TRUE","FALSE","FALSE","FALSE","TRUE"
"874","Software Engineer","FALSE","FALSE","FALSE","TRUE","TRUE","FALSE","FALSE","TRUE"
"875","Software Engineer","TRUE","FALSE","TRUE","TRUE","FALSE","TRUE","FALSE","TRUE"
"876","UX Designer","TRUE","FALSE","FALSE","FALSE","FALSE","TRUE","TRUE","TRUE"
"877","Data Scientist","FALSE","TRUE","TRUE","FALSE","FALSE","TRUE","TRUE","FALSE"
"878","Sales Representative","TRUE","TRUE","TRUE","TRUE","TRUE","FALSE","FALSE","TRUE"
"879","Sales Representative","TRUE","TRUE","FALSE","TRUE","TRUE","FALSE","FALSE","TRUE"
"880","UX Designer","FALSE","FALSE","FALSE","FALSE","TRUE","FALSE","TRUE","TRUE"
"881","Data Scientist","TRUE","TRUE","TRUE","TRUE","TRUE","FALSE","FALSE","TRUE"
"882","Data Scientist","TRUE","TRUE","FALSE","TRUE","TRUE","TRUE","FALSE","TRUE"
"883","Product Manager","FALSE","TRUE","TRUE","FALSE","TRUE","TRUE","TRUE","TRUE"
"884","UX Designer","TRUE","TRUE","TRUE","TRUE","FALSE","TRUE","TRUE","FALSE"
"885","Data Scientist","TRUE","FALSE","TRUE","TRUE","TRUE","TRUE","FALSE","TRUE"
"886","Software Engineer","TRUE","TRUE","FALSE","FALSE","FALSE","FALSE","TRUE","FALSE"
"887","UX Designer","TRUE","TRUE","TRUE","FALSE","TRUE","TRUE","FALSE","TRUE"
"888","UX Designer","FALSE","FALSE","TRUE","FALSE","TRUE","TRUE","TRUE","TRUE"
"889","Product Manager","TRUE","FALSE","TRUE","FALSE","TRUE","FALSE","FALSE","FALSE"
"890","Software Engineer","TRUE","TRUE","TRUE","TRUE","TRUE","FALSE","TRUE","FALSE"
"891","Sales Representative","FALSE","FALSE","TRUE","FALSE","FALSE","FALSE","FALSE","TRUE"
"892","Software Engineer","TRUE","FALSE","TRUE","FALSE","TRUE","TRUE","TRUE","TRUE"
"893","Product Manager","TRUE","TRUE","FALSE","FALSE","FALSE","FALSE","FALSE","FALSE"
"894","Data Scientist","TRUE","FALSE","TRUE","FALSE","TRUE","FALSE","FALSE","FALSE"
"895","Sales Representative","FALSE","FALSE","FALSE","TRUE","FALSE","TRUE","FALSE","TRUE"
"896","UX Designer","FALSE","FALSE","FALSE","FALSE","TRUE","TRUE","TRUE","TRUE"
"897","Data Scientist","TRUE","FALSE","TRUE","FALSE","TRUE","FALSE","FALSE","TRUE"
"898","UX Designer","FALSE","TRUE","TRUE","TRUE","FALSE","TRUE","TRUE","FALSE"
"899","UX Designer","TRUE","FALSE","FALSE","FALSE","TRUE","TRUE","TRUE","TRUE"
"900","UX Designer","TRUE","TRUE","TRUE","TRUE","FALSE","FALSE","TRUE","TRUE"
"901","Data Scientist","TRUE","FALSE","FALSE","FALSE","FALSE","TRUE","TRUE","TRUE"
"902","Product Manager","FALSE","TRUE","FALSE","FALSE","FALSE","FALSE","TRUE","FALSE"
"903","Sales Representative","TRUE","TRUE","FALSE","FALSE","TRUE","FALSE","FALSE","FALSE"
"904","Data Scientist","FALSE","FALSE","TRUE","TRUE","TRUE","TRUE","TRUE","FALSE"
"905","Product Manager","TRUE","FALSE","TRUE","TRUE","TRUE","FALSE","FALSE","TRUE"
"906","UX Designer","FALSE","TRUE","FALSE","FALSE","TRUE","TRUE","TRUE","TRUE"
"907","Sales Representative","TRUE","FALSE","FALSE","FALSE","FALSE","TRUE","FALSE","FALSE"
"908","Software Engineer","TRUE","TRUE","FALSE","TRUE","FALSE","TRUE","TRUE","TRUE"
"909","Data Scientist","TRUE","TRUE","FALSE","TRUE","TRUE","TRUE","FALSE","TRUE"
"910","Data Scientist","FALSE","FALSE","FALSE","TRUE","TRUE","TRUE","TRUE","TRUE"
"911","Product Manager","FALSE","TRUE","FALSE","FALSE","FALSE","FALSE","TRUE","TRUE"
"912","Sales Representative","TRUE","TRUE","TRUE","TRUE","FALSE","FALSE","FALSE","TRUE"
"913","Data Scientist","TRUE","TRUE","FALSE","FALSE","TRUE","FALSE","TRUE","TRUE"
"914","UX Designer","TRUE","TRUE","TRUE","TRUE","TRUE","TRUE","FALSE","FALSE"
"915","Software Engineer","TRUE","TRUE","FALSE","TRUE","FALSE","TRUE","TRUE","FALSE"
"916","Product Manager","FALSE","TRUE","TRUE","FALSE","TRUE","TRUE","FALSE","TRUE"
"917","Product Manager","TRUE","FALSE","TRUE","TRUE","TRUE","FALSE","TRUE","FALSE"
"918","Product Manager","FALSE","TRUE","FALSE","TRUE","TRUE","FALSE","TRUE","TRUE"
"919","Product Manager","TRUE","FALSE","FALSE","FALSE","FALSE","TRUE","FALSE","FALSE"
"920","Data Scientist","TRUE","FALSE","TRUE","FALSE","TRUE","TRUE","FALSE","TRUE"
"921","Product Manager","FALSE","TRUE","TRUE","TRUE","FALSE","TRUE","TRUE","TRUE"
"922","Product Manager","TRUE","TRUE","FALSE","TRUE","TRUE","TRUE","FALSE","TRUE"
"923","Sales Representative","TRUE","TRUE","FALSE","TRUE","TRUE","TRUE","TRUE","FALSE"
"924","Software Engineer","TRUE","TRUE","TRUE","FALSE","TRUE","FALSE","FALSE","FALSE"
"925","UX Designer","FALSE","TRUE","FALSE","TRUE","FALSE","FALSE","TRUE","FALSE"
"926","Software Engineer","TRUE","TRUE","FALSE","TRUE","TRUE","FALSE","TRUE","FALSE"
"927","Product Manager","TRUE","FALSE","FALSE","TRUE","TRUE","FALSE","TRUE","FALSE"
"928","Sales Representative","FALSE","FALSE","TRUE","FALSE","FALSE","TRUE","FALSE","FALSE"
"929","Sales Representative","FALSE","FALSE","TRUE","TRUE","TRUE","FALSE","FALSE","TRUE"
"930","Product Manager","TRUE","FALSE","FALSE","FALSE","TRUE","TRUE","FALSE","FALSE"
"931","Product Manager","TRUE","TRUE","FALSE","FALSE","TRUE","FALSE","FALSE","FALSE"
"932","Sales Representative","TRUE","FALSE","TRUE","TRUE","TRUE","TRUE","FALSE","FALSE"
"933","UX Designer","TRUE","TRUE","TRUE","FALSE","TRUE","TRUE","FALSE","TRUE"
"934","Sales Representative","TRUE","FALSE","FALSE","TRUE","TRUE","FALSE","FALSE","FALSE"
"935","Sales Representative","TRUE","TRUE","TRUE","FALSE","TRUE","TRUE","FALSE","FALSE"
"936","Sales Representative","TRUE","TRUE","FALSE","TRUE","FALSE","TRUE","TRUE","FALSE"
"937","Sales Representative","TRUE","FALSE","FALSE","FALSE","TRUE","FALSE","FALSE","TRUE"
"938","Sales Representative","TRUE","TRUE","TRUE","FALSE","TRUE","FALSE","TRUE","FALSE"
"939","Product Manager","FALSE","TRUE","FALSE","TRUE","TRUE","FALSE","FALSE","TRUE"
"940","Software Engineer","FALSE","FALSE","TRUE","FALSE","FALSE","FALSE","FALSE","TRUE"
"941","UX Designer","FALSE","TRUE","TRUE","FALSE","FALSE","FALSE","FALSE","TRUE"
"942","UX Designer","FALSE","TRUE","FALSE","FALSE","TRUE","FALSE","FALSE","TRUE"
"943","Software Engineer","TRUE","TRUE","FALSE","TRUE","TRUE","FALSE","FALSE","FALSE"
"944","Sales Representative","FALSE","TRUE","TRUE","FALSE","TRUE","TRUE","TRUE","TRUE"
"945","Software Engineer","TRUE","TRUE","FALSE","TRUE","TRUE","TRUE","TRUE","FALSE"
"946","UX Designer","FALSE","TRUE","TRUE","FALSE","TRUE","TRUE","TRUE","TRUE"
"947","Software Engineer","FALSE","TRUE","TRUE","TRUE","FALSE","TRUE","TRUE","TRUE"
"948","UX Designer","TRUE","FALSE","TRUE","FALSE","FALSE","TRUE","TRUE","TRUE"
"949","Sales Representative","FALSE","FALSE","TRUE","FALSE","FALSE","TRUE","FALSE","FALSE"
"950","UX Designer","TRUE","TRUE","FALSE","TRUE","FALSE","TRUE","TRUE","FALSE"
"951","Software Engineer","TRUE","TRUE","TRUE","TRUE","FALSE","FALSE","FALSE","FALSE"
"952","Product Manager","TRUE","TRUE","TRUE","TRUE","TRUE","FALSE","FALSE","TRUE"
"953","Data Scientist","FALSE","TRUE","FALSE","TRUE","FALSE","FALSE","TRUE","FALSE"
"954","Sales Representative","TRUE","FALSE","TRUE","TRUE","TRUE","TRUE","TRUE","FALSE"
"955","UX Designer","FALSE","TRUE","FALSE","TRUE","TRUE","TRUE","TRUE","TRUE"
"956","Product Manager","TRUE","TRUE","FALSE","TRUE","TRUE","FALSE","FALSE","FALSE"
"957","Software Engineer","FALSE","TRUE","TRUE","FALSE","TRUE","TRUE","TRUE","FALSE"
"958","Software Engineer","FALSE","FALSE","TRUE","FALSE","TRUE","TRUE","TRUE","FALSE"
"959","Data Scientist","TRUE","TRUE","TRUE","FALSE","TRUE","FALSE","FALSE","TRUE"
"960","UX Designer","TRUE","TRUE","FALSE","TRUE","FALSE","FALSE","TRUE","TRUE"
"961","Product Manager","FALSE","TRUE","FALSE","FALSE","FALSE","TRUE","TRUE","TRUE"
"962","Sales Representative","TRUE","FALSE","TRUE","TRUE","TRUE","TRUE","TRUE","FALSE"
"963","Sales Representative","FALSE","TRUE","FALSE","FALSE","FALSE","TRUE","FALSE","FALSE"
"964","Data Scientist","TRUE","TRUE","FALSE","FALSE","TRUE","TRUE","TRUE","TRUE"
"965","Product Manager","TRUE","FALSE","FALSE","FALSE","FALSE","FALSE","TRUE","FALSE"
"966","Data Scientist","TRUE","TRUE","FALSE","TRUE","FALSE","FALSE","FALSE","FALSE"
"967","UX Designer","FALSE","TRUE","FALSE","FALSE","FALSE","TRUE","TRUE","FALSE"
"968","Data Scientist","TRUE","FALSE","FALSE","TRUE","TRUE","FALSE","FALSE","TRUE"
"969","Product Manager","FALSE","TRUE","FALSE","FALSE","FALSE","FALSE","TRUE","FALSE"
"970","Data Scientist","FALSE","TRUE","TRUE","FALSE","TRUE","FALSE","TRUE","FALSE"
"971","Sales Representative","TRUE","FALSE","FALSE","TRUE","FALSE","FALSE","TRUE","FALSE"
"972","Software Engineer","FALSE","FALSE","TRUE","FALSE","FALSE","FALSE","FALSE","TRUE"
"973","UX Designer","TRUE","TRUE","TRUE","FALSE","TRUE","TRUE","FALSE","TRUE"
"974","Sales Representative","FALSE","FALSE","FALSE","FALSE","FALSE","TRUE","FALSE","TRUE"
"975","Data Scientist","FALSE","TRUE","FALSE","TRUE","FALSE","FALSE","TRUE","TRUE"
"976","Data Scientist","TRUE","TRUE","FALSE","TRUE","FALSE","TRUE","FALSE","TRUE"
"977","Product Manager","FALSE","FALSE","TRUE","TRUE","TRUE","TRUE","TRUE","TRUE"
"978","UX Designer","FALSE","FALSE","FALSE","TRUE","TRUE","TRUE","TRUE","FALSE"
"979","Product Manager","TRUE","FALSE","FALSE","FALSE","TRUE","TRUE","FALSE","FALSE"
"980","UX Designer","FALSE","FALSE","TRUE","FALSE","TRUE","FALSE","FALSE","TRUE"
"981","Product Manager","FALSE","TRUE","TRUE","FALSE","TRUE","TRUE","TRUE","FALSE"
"982","Software Engineer","TRUE","TRUE","FALSE","TRUE","FALSE","FALSE","FALSE","FALSE"
"983","UX Designer","TRUE","TRUE","TRUE","FALSE","TRUE","FALSE","TRUE","TRUE"
"984","UX Designer","TRUE","FALSE","FALSE","TRUE","FALSE","FALSE","FALSE","FALSE"
"985","UX Designer","FALSE","FALSE","TRUE","TRUE","FALSE","FALSE","TRUE","TRUE"
"986","Product Manager","FALSE","TRUE","FALSE","FALSE","TRUE","FALSE","FALSE","TRUE"
"987","Software Engineer","TRUE","TRUE","FALSE","TRUE","FALSE","FALSE","FALSE","TRUE"
"988","Software Engineer","TRUE","FALSE","TRUE","TRUE","FALSE","TRUE","FALSE","TRUE"
"989","Data Scientist","TRUE","FALSE","TRUE","FALSE","FALSE","FALSE","TRUE","FALSE"
"990","Sales Representative","TRUE","TRUE","FALSE","TRUE","FALSE","FALSE","TRUE","TRUE"
"991","UX Designer","TRUE","FALSE","TRUE","FALSE","TRUE","TRUE","TRUE","FALSE"
"992","UX Designer","TRUE","FALSE","FALSE","TRUE","FALSE","TRUE","TRUE","TRUE"
"993","Data Scientist","FALSE","FALSE","TRUE","FALSE","TRUE","FALSE","FALSE","FALSE"
"994","Sales Representative","FALSE","TRUE","TRUE","FALSE","FALSE","TRUE","TRUE","TRUE"
"995","UX Designer","FALSE","FALSE","TRUE","FALSE","TRUE","FALSE","FALSE","TRUE"
"996","Product Manager","TRUE","TRUE","TRUE","TRUE","FALSE","TRUE","TRUE","FALSE"
"997","Sales Representative","TRUE","TRUE","TRUE","FALSE","TRUE","TRUE","FALSE","TRUE"
"998","Data Scientist","TRUE","FALSE","FALSE","FALSE","FALSE","TRUE","TRUE","TRUE"
"999","Sales Representative","FALSE","FALSE","TRUE","TRUE","FALSE","FALSE","FALSE","FALSE"
"1000","Product Manager","FALSE","FALSE","FALSE","FALSE","TRUE","FALSE","FALSE","TRUE"
